순위,코드/티커,종목명,시장,배율,현재가,거래량,거래대금,1W(%),2W(%),1M(%),3M(%),6M(%),1Y(%),3Y(%)
1,069500,KODEX 200,K Market,1X,111700.0,19028625,2120429000000.0,5.97,0.79,1.56,-24.56,29.59,158.49,246.15
2,122630,KODEX 레버리지,K Market,2X,114060.0,14642059,1659237000000.0,11.72,0.9,1.62,-52.28,27.43,351.19,574.31
3,102110,TIGER 200,K Market,1X,111945.0,14486180,1618094000000.0,5.78,0.82,1.56,-24.34,29.91,159.19,247.88
4,459580,KODEX CD금리액티브(합성),K Market,1X,1075330.0,833715,896516000000.0,0.06,0.12,0.25,0.73,1.45,2.91,10.15
5,360750,TIGER 미국S&P500,K Market,1X,26340.0,25784046,680002000000.0,3.52,2.65,0.17,-7.58,7.34,18.65,85.19
6,133690,TIGER 미국나스닥100,K Market,1X,182540.0,3272182,597907000000.0,5.48,3.76,1.57,-11.73,12.88,25.35,108.44
7,379810,KODEX 미국나스닥100,K Market,1X,27290.0,19597684,535426000000.0,5.49,3.76,1.54,-11.73,12.95,25.42,109.2
8,114800,KODEX 인버스,K Market,-1X,978.0,470283987,462086000000.0,-5.78,-1.11,-2.49,14.79,-39.03,-71.73,-78.31
9,379800,KODEX 미국S&P500,K Market,1X,23940.0,16028912,384312000000.0,3.48,2.66,0.13,-7.6,7.35,18.61,85.32
10,396500,TIGER 반도체TOP10,K Market,1X,38245.0,8841439,336501000000.0,10.03,3.17,4.87,-31.3,10.68,223.7,323.63
11,233740,KODEX 코스닥150레버리지,K Market,2X,6905.0,39839354,271317000000.0,7.05,0.07,2.37,-42.86,-59.14,-25.19,-48.3
12,229200,KODEX 코스닥150,K Market,1X,14045.0,19181226,268132000000.0,3.39,0.11,1.7,-19.19,-29.01,2.71,-4.05
13,252670,KODEX 200선물인버스2X,K Market,-2X,69.0,2147483647,234991000000.0,-11.54,-4.17,-6.76,11.29,-72.29,-94.61,-97.27
14,494310,KODEX 반도체레버리지,K Market,2X,86480.0,2451034,207944000000.0,18.3,5.61,12.31,-59.36,17.5,610.02,
15,0193T0,KODEX SK하이닉스단일종목레버리지,K Market,2X,11955.0,17001013,203776000000.0,20.57,9.03,12.46,-72.83,,,
16,0167A0,SOL AI반도체TOP2플러스,K Market,1X,18320.0,11030262,200911000000.0,9.67,1.89,4.18,-36.69,67.77,,
17,488080,TIGER 반도체TOP10레버리지,K Market,2X,37450.0,4766718,176259000000.0,19.23,4.8,7.57,-62.16,-18.64,469.32,
18,091160,KODEX 반도체,K Market,1X,135250.0,1311074,175665000000.0,9.51,3.09,6.44,-28.19,30.78,254.24,319.08
19,395160,KODEX AI반도체TOP2플러스,K Market,1X,41650.0,3650536,151088000000.0,10.16,1.97,3.39,-33.89,45.63,282.99,380.84
20,232080,TIGER 코스닥150,K Market,1X,14315.0,9421143,134148000000.0,3.32,0.0,1.67,-19.31,-29.19,2.4,-5.09
21,498400,KODEX 200타겟위클리커버드콜,K Market,1X,20730.0,6049586,125148000000.0,5.23,0.86,1.25,-24.25,25.37,123.99,
22,0193W0,KODEX 삼성전자단일종목레버리지,K Market,2X,12870.0,8904419,112350000000.0,20.17,2.35,-8.69,-54.47,,,
23,148020,RISE 200,K Market,1X,112540.0,994564,111817000000.0,5.82,0.81,1.6,-24.58,29.66,158.93,247.43
24,0195S0,TIGER SK하이닉스단일종목레버리지,K Market,2X,10165.0,10082027,102733000000.0,20.94,9.24,12.88,-72.84,,,
25,475630,TIGER CD1년금리액티브(합성),K Market,1X,1077815.0,82340,88747000000.0,0.07,0.12,0.25,0.78,1.52,2.99,
26,472150,TIGER 배당커버드콜액티브,K Market,1X,20965.0,4099946,85713000000.0,6.02,1.4,1.25,-23.75,29.93,132.94,
27,395270,HANARO Fn K-반도체,K Market,1X,59450.0,1411606,83344000000.0,10.13,2.29,4.09,-32.83,65.53,382.35,556.18
28,0195R0,TIGER 삼성전자단일종목레버리지,K Market,2X,11700.0,7083014,81236000000.0,20.12,1.92,-8.91,-55.23,,,
29,487240,KODEX AI전력핵심설비,K Market,1X,37095.0,2179823,80972000000.0,3.99,1.59,11.23,-17.5,9.9,133.01,
30,0197X0,SOL SK하이닉스선물단일종목인버스2X,K Market,-2X,5390.0,12634686,67974000000.0,-18.4,-12.36,-19.67,-20.79,,,
31,0162Z0,RISE 삼성전자SK하이닉스채권혼합50,K Market,1X,13900.0,4308908,59780000000.0,5.14,1.83,1.35,-13.37,34.33,,
32,381180,TIGER 미국필라델피아반도체나스닥,K Market,1X,43450.0,1371601,59522000000.0,8.03,5.44,1.38,-24.76,42.43,107.34,248.94
33,488770,KODEX 머니마켓액티브,K Market,1X,105580.0,558634,58981000000.0,0.07,0.12,0.26,0.85,1.67,3.27,
34,305720,KODEX 2차전지산업,K Market,1X,14375.0,4071763,58718000000.0,-1.1,-3.1,4.89,-13.27,-12.0,23.02,-52.39
35,462330,KODEX 2차전지산업레버리지,K Market,2X,985.0,54598760,54145000000.0,-1.6,-6.81,7.65,-33.89,-37.93,-1.5,-90.69
36,442580,PLUS 글로벌HBM반도체,K Market,1X,105370.0,477629,50411000000.0,10.12,2.81,1.71,-28.8,61.54,388.39,723.07
37,455850,SOL AI반도체소부장,K Market,1X,25905.0,1828879,47083000000.0,7.05,3.08,13.87,-17.41,-4.76,104.94,116.15
38,0177N0,KODEX 삼성전자SK하이닉스채권혼합50,K Market,1X,14615.0,3210104,46833000000.0,4.88,1.54,0.97,-13.53,,,
39,069660,KIWOOM 200,K Market,1X,111600.0,419095,46826000000.0,5.76,0.76,1.55,-24.44,29.66,158.61,246.23
40,251340,KODEX 코스닥150선물인버스,K Market,-1X,2400.0,18035368,43654000000.0,-3.61,-0.83,-2.83,11.11,17.07,-28.57,-31.91
41,0219E0,KODEX 200커버드콜액티브,K Market,1X,8585.0,4192233,35889000000.0,5.4,0.94,0.49,,,,
42,0148J0,TIGER 코리아휴머노이드로봇산업,K Market,1X,9785.0,3620172,35298000000.0,6.3,4.21,7.06,-14.47,-21.91,,
43,152100,PLUS 200,K Market,1X,113365.0,302727,34295000000.0,5.79,0.8,1.54,-24.48,29.36,158.09,246.68
44,481050,KODEX CD1년금리플러스액티브(합성),K Market,1X,1023490.0,33192,33971000000.0,0.06,0.13,0.26,0.79,1.53,3.05,
45,139260,TIGER 200 IT,K Market,1X,141200.0,231830,32635000000.0,8.05,0.21,3.29,-33.1,61.97,327.57,361.97
46,105190,ACE 200,K Market,1X,111955.0,285128,31888000000.0,5.77,0.8,1.61,-24.58,29.35,158.06,245.56
47,243880,TIGER 200IT레버리지,K Market,2X,343495.0,89768,30593000000.0,16.2,-1.01,4.7,-65.65,72.42,891.56,783.7
48,390390,KODEX 미국반도체,K Market,1X,54375.0,541644,29484000000.0,7.25,4.57,1.96,-21.66,35.53,96.12,306.21
49,278530,KODEX 200TR,K Market,1X,40430.0,714420,28870000000.0,5.67,0.66,1.52,-24.45,29.36,158.83,247.49
50,364980,TIGER 2차전지TOP10,K Market,1X,10030.0,2829639,28522000000.0,-0.84,-3.74,4.53,-8.32,-0.35,28.02,-50.15
51,499660,TIGER CD금리플러스액티브(합성),K Market,1X,1002205.0,26821,26880000000.0,0.06,0.12,0.25,0.77,1.52,3.0,
52,426030,TIME 미국나스닥100액티브,K Market,1X,47950.0,533979,25562000000.0,8.5,6.03,4.65,-23.41,21.76,50.16,272.92
53,458730,TIGER 미국배당다우존스,K Market,1X,14750.0,1723066,25449000000.0,1.44,0.48,-3.34,-4.18,2.84,24.66,56.04
54,0091P0,TIGER 코리아원자력,K Market,1X,17940.0,1306905,23639000000.0,-2.39,0.62,17.83,-3.94,-20.3,84.28,
55,0177R0,TIGER 반도체TOP10커버드콜액티브,K Market,1X,11700.0,2030067,23601000000.0,9.91,2.88,4.97,-32.23,,,
56,292150,TIGER 코리아TOP10,K Market,1X,39300.0,576167,22514000000.0,4.8,1.18,1.77,-24.44,25.99,201.1,257.47
57,360200,ACE 미국S&P500,K Market,1X,26640.0,829169,22104000000.0,3.52,2.72,0.21,-7.56,7.43,18.67,84.95
58,091230,TIGER 반도체,K Market,1X,142690.0,154490,21929000000.0,8.75,3.03,6.49,-27.31,31.21,261.19,326.19
59,486290,TIGER 미국나스닥100타겟데일리커버드콜,K Market,1X,10625.0,1970770,20949000000.0,5.41,3.71,1.38,-11.75,11.02,23.47,
60,475300,SOL 반도체전공정,K Market,1X,23260.0,862800,19914000000.0,8.21,4.89,14.36,-17.63,27.38,161.5,
61,429760,PLUS 미국S&P500,K Market,1X,19610.0,999129,19625000000.0,3.4,2.59,0.18,-7.53,7.42,18.7,82.57
62,487230,KODEX 미국AI전력핵심인프라,K Market,1X,20050.0,959752,19219000000.0,5.64,3.35,2.48,-27.02,-2.4,24.95,
63,471990,KODEX AI반도체핵심장비,K Market,1X,25730.0,742226,18971000000.0,4.81,2.65,14.18,-13.31,-3.36,140.83,
64,0117V0,TIGER 코리아AI전력기기TOP3플러스,K Market,1X,19410.0,958298,18620000000.0,4.13,1.81,11.55,-17.83,7.57,,
65,381170,TIGER 미국테크TOP10 INDXX,K Market,1X,31755.0,563178,17909000000.0,5.92,4.66,4.37,-4.65,9.1,16.33,133.56
66,466920,SOL 조선TOP3플러스,K Market,1X,27250.0,632298,17226000000.0,-5.12,-2.05,0.39,-23.15,-25.14,-17.51,
67,0080G0,KODEX 방산TOP10,K Market,1X,10250.0,1594249,16572000000.0,-0.97,3.22,0.49,-16.13,-27.21,0.11,
68,0210A0,ACE K반도체TOP2+,K Market,1X,7475.0,2216975,16476000000.0,9.6,2.47,4.62,,,,
69,237350,KODEX 코스피100,K Market,1X,89080.0,181484,16168000000.0,5.71,0.77,1.46,-25.46,30.26,167.47,255.37
70,498410,KODEX 금융고배당TOP10타겟위클리커버드콜,K Market,1X,11875.0,1336346,15821000000.0,-2.82,-0.29,4.5,8.02,-3.16,15.39,
71,469150,ACE AI반도체TOP3+,K Market,1X,61480.0,252189,15461000000.0,8.54,2.38,6.41,-27.37,26.31,293.09,
72,0043B0,TIGER 머니마켓액티브,K Market,1X,103720.0,146162,15159000000.0,0.08,0.14,0.28,0.92,1.74,3.28,
73,411060,ACE KRX금현물,K Market,1X,27050.0,553674,15071000000.0,2.97,1.44,-4.92,-5.14,-16.02,19.08,132.09
74,0094M0,RISE 코리아밸류업위클리고정커버드콜,K Market,1X,17410.0,841104,14637000000.0,2.44,-0.13,0.88,-17.07,22.43,119.08,
75,367760,RISE 네트워크인프라,K Market,1X,60230.0,226017,13541000000.0,8.06,1.65,5.22,-32.37,67.7,339.96,525.64
76,233160,TIGER 코스닥150 레버리지,K Market,2X,7620.0,1797453,13497000000.0,6.5,-0.07,1.74,-42.62,-59.31,-26.44,-48.31
77,117700,KODEX 건설,K Market,1X,7195.0,1838561,13211000000.0,-0.69,2.79,15.4,1.07,1.87,78.27,95.57
78,449450,PLUS K방산,K Market,1X,51860.0,246260,12910000000.0,-2.88,0.7,-0.88,-20.85,-29.63,-2.52,366.16
79,102780,KODEX 삼성그룹,K Market,1X,26340.0,470180,12334000000.0,3.29,-1.51,-0.45,-22.99,38.63,151.94,192.11
80,0173Y0,KODEX 미국AI광통신네트워크,K Market,1X,11440.0,1074454,12211000000.0,10.0,11.5,0.88,-21.52,,,
81,161510,PLUS 고배당주,K Market,1X,25000.0,482368,12026000000.0,-2.48,-2.15,1.62,1.71,-2.72,34.71,160.15
82,356540,ACE 종합채권(AA-이상)액티브,K Market,1X,101155.0,118632,11998000000.0,0.5,-0.06,0.32,-0.24,-2.78,-6.05,6.9
83,0182R0,1Q K반도체TOP2+,K Market,1X,10970.0,1071074,11730000000.0,9.15,1.48,3.25,-33.76,,,
84,466940,TIGER 은행고배당플러스TOP10,K Market,1X,27330.0,427114,11631000000.0,-2.04,-0.15,7.4,10.01,8.28,49.93,
85,465580,ACE 미국빅테크TOP7 Plus,K Market,1X,24775.0,465655,11560000000.0,4.87,3.75,3.32,-2.42,14.01,22.65,
86,367380,ACE 미국나스닥100,K Market,1X,31370.0,351939,11055000000.0,5.41,3.75,1.55,-11.76,12.82,25.27,108.4
87,456600,TIME 글로벌AI인공지능액티브,K Market,1X,59780.0,182459,10905000000.0,8.07,3.44,2.72,-21.64,38.19,91.31,361.44
88,228790,TIGER 화장품,K Market,1X,4315.0,2510581,10799000000.0,-1.6,-2.82,-5.06,30.56,25.25,11.1,68.75
89,469830,SOL 초단기채권액티브,K Market,1X,54470.0,197889,10779000000.0,0.06,0.12,0.27,0.85,1.67,3.24,
90,490590,RISE 미국AI밸류체인데일리고정커버드콜,K Market,1X,14495.0,737787,10698000000.0,7.65,4.88,3.31,-12.0,24.94,50.29,
91,357870,TIGER CD금리투자KIS(합성),K Market,1X,58090.0,183804,10676000000.0,0.07,0.12,0.25,0.76,1.48,2.92,10.11
92,0193L0,PLUS 삼성전자선물단일종목인버스2X,K Market,-2X,8150.0,1288541,10639000000.0,-18.34,-5.12,-0.61,-30.31,,,
93,484880,SOL 금융지주플러스고배당,K Market,1X,23385.0,446960,10395000000.0,-2.3,0.39,8.47,12.32,10.54,60.56,
94,477050,PLUS 머니마켓액티브,K Market,1X,53585.0,193312,10358000000.0,0.03,0.08,0.2,0.86,1.61,3.11,
95,0008T0,SOL 화장품TOP3플러스,K Market,1X,17595.0,587829,10286000000.0,-1.95,-3.06,-4.01,31.65,26.08,26.25,
96,441640,KODEX 미국배당커버드콜액티브,K Market,1X,12480.0,819903,10251000000.0,2.42,1.32,-1.27,-5.3,2.53,15.71,60.37
97,494670,TIGER 조선TOP10,K Market,1X,21580.0,467099,10081000000.0,-5.0,-1.64,0.61,-21.51,-25.7,-16.01,
98,483320,ACE 엔비디아밸류체인액티브,K Market,1X,25565.0,393752,10074000000.0,9.18,5.47,4.18,-21.75,42.54,134.78,
99,494300,KODEX 미국나스닥100데일리커버드콜OTM,K Market,1X,9130.0,1097628,10038000000.0,5.73,4.22,1.29,-13.28,1.68,16.9,
100,361580,RISE 200TR,K Market,1X,63480.0,157490,9995000000.0,5.74,0.7,1.51,-24.5,29.39,158.36,246.6
101,091170,KODEX 은행,K Market,1X,16735.0,586324,9803000000.0,-2.65,0.03,7.72,13.53,10.73,55.15,215.4
102,123320,TIGER 레버리지,K Market,2X,115010.0,85033,9702000000.0,11.73,0.89,1.61,-51.91,28.65,360.74,601.75
103,0072R0,TIGER KRX금현물,K Market,1X,12925.0,743272,9660000000.0,3.23,1.21,-4.75,-4.96,-16.07,19.01,
104,0183J0,TIGER 미국우주테크,K Market,1X,7665.0,1229133,9417000000.0,7.13,4.29,-5.31,-30.7,,,
105,0098F0,KODEX 원자력SMR,K Market,1X,16600.0,562900,9371000000.0,-1.92,-0.18,14.72,-6.79,-21.2,,
106,0184L0,PLUS 중기종합채권(A-이상)액티브,K Market,1X,100515.0,92748,9321000000.0,-0.03,-0.16,-0.0,0.68,,,
107,329200,TIGER 리츠부동산인프라,K Market,1X,4080.0,2277007,9273000000.0,0.74,0.99,0.15,3.32,-7.46,1.27,19.23
108,453850,ACE 미국30년국채액티브(H),K Market,1X,7135.0,1299132,9264000000.0,1.13,-0.14,0.14,-4.59,-3.84,-4.79,-11.9
109,0048J0,KODEX 미국머니마켓액티브,K Market,1X,13800.0,666155,9210000000.0,2.56,3.18,-0.14,-9.41,-6.11,3.46,
110,0101N0,RISE AI전력인프라,K Market,1X,21120.0,429096,9082000000.0,6.32,5.34,16.4,-4.0,22.93,,
111,0183V0,KIWOOM 삼성전자&SK하이닉스채권혼합50,K Market,1X,12030.0,748014,8986000000.0,4.93,1.6,1.48,-12.74,,,
112,463250,TIGER K방산&우주,K Market,1X,33810.0,260885,8968000000.0,-1.74,3.17,0.57,-17.11,-27.94,12.93,221.91
113,475310,SOL 반도체후공정,K Market,1X,28200.0,314262,8728000000.0,9.11,2.77,12.35,-16.94,-10.33,125.96,
114,449180,KODEX 미국S&P500(H),K Market,1X,17160.0,505201,8663000000.0,0.88,-0.35,0.5,2.55,15.58,16.97,63.58
115,294400,KIWOOM 200TR,K Market,1X,146685.0,58211,8526000000.0,5.85,0.79,1.66,-24.28,29.58,158.5,246.24
116,271050,KODEX WTI원유선물인버스(H),K Market,-1X,1720.0,4961911,8502000000.0,3.24,-5.7,-12.24,-27.12,-27.43,-57.95,-60.14
117,284430,KODEX 200미국채혼합50,K Market,1X,21065.0,401723,8448000000.0,4.31,1.4,-0.18,-16.3,5.96,47.0,75.34
118,0239Z0,PLUS AI반도체소부장액티브,K Market,1X,10960.0,762047,8279000000.0,,,,,,,
119,0162L0,KODEX 차이나AI반도체TOP10,K Market,1X,13845.0,590572,8211000000.0,8.97,5.45,2.14,-30.09,41.65,,
120,305540,TIGER 2차전지테마,K Market,1X,18320.0,432020,7968000000.0,-0.43,-2.89,5.53,-10.66,-8.45,25.87,-47.39
121,0167B0,SOL 200타겟위클리커버드콜,K Market,1X,12090.0,651311,7840000000.0,5.13,1.21,1.39,-24.55,27.22,,
122,448330,KODEX 삼성전자채권혼합,K Market,1X,17535.0,444869,7776000000.0,2.63,0.55,-0.98,-5.04,13.36,57.11,72.55
123,423160,KODEX KOFR금리액티브(합성),K Market,1X,110850.0,69524,7706000000.0,0.05,0.12,0.24,0.7,1.38,2.77,10.0
124,0233J0,TIGER 삼성전자SK하이닉스미국채혼합50,K Market,1X,10795.0,708383,7625000000.0,6.25,3.2,,,,,
125,489030,PLUS 고배당주위클리커버드콜,K Market,1X,6300.0,1208448,7604000000.0,-3.82,-2.25,0.51,8.51,-22.37,-26.17,
126,457990,PLUS 태양광&ESS,K Market,1X,33385.0,219253,7337000000.0,-2.3,-6.76,-7.52,-15.92,-8.33,102.03,248.12
127,418660,TIGER 미국나스닥100레버리지(합성),K Market,2X,40895.0,176765,7250000000.0,10.75,7.28,2.65,-23.61,21.64,44.52,238.73
128,449170,TIGER KOFR금리액티브(합성),K Market,1X,111930.0,63042,7056000000.0,0.06,0.12,0.24,0.69,1.34,2.7,9.95
129,475720,RISE 200위클리커버드콜,K Market,1X,12835.0,544218,6973000000.0,4.22,1.14,1.37,-17.03,12.63,67.93,
130,226490,KODEX 코스피,K Market,1X,71870.0,94301,6772000000.0,4.69,0.3,1.38,-23.06,21.92,120.3,186.07
131,0005D0,SOL 전고체배터리&실리콘음극재,K Market,1X,14530.0,457397,6644000000.0,1.75,-1.29,9.54,-18.39,-18.8,39.63,
132,462010,TIGER 2차전지소재Fn,K Market,1X,4675.0,1411751,6633000000.0,-1.16,-4.2,3.54,-21.16,-27.52,19.87,-58.63
133,0198A0,KIWOOM 코스닥150커버드콜액티브,K Market,1X,8680.0,767775,6621000000.0,3.15,0.12,0.98,,,,
134,476550,TIGER 미국30년국채커버드콜액티브(H),K Market,1X,6760.0,968616,6546000000.0,1.2,0.0,-0.07,-4.59,-3.76,-4.67,
135,396520,TIGER 차이나반도체FACTSET,K Market,1X,13625.0,467013,6429000000.0,11.82,5.25,-1.48,-29.28,27.81,60.52,125.06
136,412570,TIGER 2차전지TOP10레버리지,K Market,2X,1169.0,5392535,6369000000.0,-1.52,-7.22,8.04,-26.57,-21.39,11.55,-89.52
137,491620,RISE 미국테크100데일리고정커버드콜,K Market,1X,10580.0,601476,6368000000.0,5.38,3.83,1.24,-8.52,12.96,24.47,
138,455890,RISE 머니마켓액티브,K Market,1X,55570.0,114008,6335000000.0,0.07,0.13,0.25,0.83,1.63,3.13,11.51
139,446770,ACE 글로벌반도체TOP4 Plus,K Market,1X,79750.0,79183,6326000000.0,7.73,3.36,2.68,-23.94,34.89,156.05,463.68
140,462900,KoAct 바이오헬스케어액티브,K Market,1X,12675.0,490923,6267000000.0,-1.25,-6.94,-10.17,-21.74,-46.74,-29.58,13.94
141,0015B0,KoAct 미국나스닥성장기업액티브,K Market,1X,19355.0,318223,6152000000.0,9.82,7.32,5.82,-26.0,15.17,63.68,
142,423920,TIGER 미국필라델피아반도체레버리지(합성),K Market,2X,85150.0,70976,6053000000.0,14.53,11.2,0.77,-48.93,70.15,237.03,560.13
143,471780,TIGER 코리아테크액티브,K Market,1X,38100.0,159722,6038000000.0,9.31,5.1,10.92,-25.0,47.88,231.88,
144,445290,KODEX 로봇액티브,K Market,1X,30900.0,192973,5938000000.0,2.2,-1.53,-1.18,-19.3,-6.59,80.92,128.65
145,0209D0,KODEX 전고체배터리ESS TOP2플러스,K Market,1X,7975.0,741632,5929000000.0,-0.06,-3.04,6.05,,,,
146,482730,TIGER 미국S&P500타겟데일리커버드콜,K Market,1X,11705.0,505341,5919000000.0,3.77,2.77,0.25,-7.42,6.72,18.09,
147,497880,SOL CD금리&머니마켓액티브,K Market,1X,50110.0,115437,5785000000.0,0.05,0.12,0.25,0.86,1.7,3.3,
148,267770,TIGER 200선물레버리지,K Market,2X,87370.0,66744,5750000000.0,11.7,0.74,1.45,-52.1,27.92,355.43,580.24
149,0046A0,TIGER 미국초단기(3개월이하)국채,K Market,1X,9570.0,597166,5723000000.0,2.68,3.18,-0.04,-9.37,-6.51,2.61,
150,293180,HANARO 200,K Market,1X,111975.0,49033,5486000000.0,5.78,0.74,1.54,-24.48,29.57,158.22,246.19
151,472160,TIGER 미국테크TOP10 INDXX(H),K Market,1X,19310.0,280865,5420000000.0,3.21,1.71,4.58,5.32,16.96,14.17,
152,102970,KODEX 증권,K Market,1X,17670.0,305742,5357000000.0,-2.56,-3.23,-3.02,-21.18,-33.44,37.56,222.62
153,0228G0,ACE 반도체Plus전략산업,K Market,1X,10365.0,504597,5246000000.0,2.88,0.78,0.53,,,,
154,461950,KODEX 2차전지핵심소재10,K Market,1X,4760.0,1086289,5202000000.0,-1.75,-4.42,3.93,-19.21,-23.39,19.93,-59.9
155,272580,TIGER 단기채권액티브,K Market,1X,57170.0,90356,5165000000.0,0.04,0.09,0.19,0.75,1.35,2.66,10.03
156,0238F0,KODEX 미국AI메모리TOP2플러스,K Market,1X,10710.0,475618,5100000000.0,,,,,,,
157,315960,RISE 대형고배당10TR,K Market,1X,79580.0,63901,5089000000.0,3.75,0.01,0.14,-23.86,32.54,231.86,381.43
158,138540,TIGER 현대차그룹플러스,K Market,1X,48200.0,105341,5087000000.0,-3.26,-5.44,-5.19,-21.58,-20.59,31.57,120.95
159,458760,TIGER 미국배당다우존스타겟커버드콜2호,K Market,1X,10810.0,465084,5035000000.0,1.5,0.75,-3.22,-4.0,0.91,24.1,42.95
160,0115D0,KODEX 조선TOP10,K Market,1X,7520.0,668521,5032000000.0,-4.69,-2.15,-0.79,-22.59,-24.88,,
161,144600,KODEX 은선물(H),K Market,1X,10695.0,463497,4992000000.0,3.38,0.33,-4.68,-1.7,-12.3,50.59,145.81
162,438080,ACE 미국S&P500미국채혼합50액티브,K Market,1X,14065.0,348143,4903000000.0,3.08,2.03,-0.14,-8.64,0.14,9.1,40.09
163,114100,RISE 국고채3년,K Market,1X,105665.0,45505,4808000000.0,-0.05,-0.33,-0.28,0.27,-0.07,-1.1,8.17
164,379780,RISE 미국S&P500,K Market,1X,23030.0,208379,4804000000.0,3.48,2.63,0.13,-7.6,7.61,18.86,85.38
165,252710,TIGER 200선물인버스2X,K Market,-2X,76.0,61931238,4747000000.0,-11.63,-2.56,-5.0,15.15,-70.88,-94.4,-97.15
166,290130,RISE ESG사회책임투자,K Market,1X,48810.0,96898,4735000000.0,6.44,0.92,1.98,-26.58,39.34,206.11,367.53
167,0167Z0,KODEX 미국우주항공,K Market,1X,7560.0,623010,4704000000.0,6.63,2.79,-7.64,-34.32,-26.79,,
168,434730,HANARO 원자력iSelect,K Market,1X,59560.0,77727,4644000000.0,-0.27,-2.51,10.33,-16.11,-16.27,64.99,419.09
169,277630,TIGER 코스피,K Market,1X,72930.0,62774,4581000000.0,5.13,0.25,1.47,-23.0,21.92,120.23,184.92
170,307520,TIGER 지주회사,K Market,1X,22160.0,206996,4578000000.0,-0.74,-4.17,4.38,-7.69,9.22,59.61,157.23
171,0041E0,KODEX 미국S&P500액티브,K Market,1X,16315.0,278769,4546000000.0,5.19,3.85,1.78,-14.36,14.61,32.99,
172,0233A0,ACE 삼성전자SK하이닉스플러스채권혼합50,K Market,1X,10705.0,425791,4543000000.0,4.34,1.18,,,,,
173,444200,SOL 코리아메가테크액티브,K Market,1X,45860.0,98393,4495000000.0,3.32,-0.95,-0.75,-25.85,3.01,94.9,268.98
174,494220,UNICORN SK하이닉스밸류체인액티브,K Market,1X,50585.0,89431,4494000000.0,10.58,5.0,12.39,-27.22,44.74,305.65,
175,368590,RISE 미국나스닥100,K Market,1X,30445.0,147402,4491000000.0,5.53,3.75,1.55,-11.72,13.0,25.62,109.16
176,471760,TIGER AI반도체핵심공정,K Market,1X,14530.0,302391,4368000000.0,6.49,-0.07,9.04,-26.89,-29.31,59.15,
177,0163Y0,KoAct 코스닥액티브,K Market,1X,9595.0,450648,4288000000.0,8.73,6.37,12.03,-17.64,-24.03,,
178,363580,KODEX 200IT TR,K Market,1X,57170.0,74066,4227000000.0,7.87,0.11,3.75,-31.92,65.33,336.41,374.05
179,0151S0,KODEX 미국AI반도체TOP3플러스,K Market,1X,15920.0,259278,4122000000.0,11.02,7.46,6.92,-18.24,45.8,,
180,0199C0,ACE 고배당주Plus커버드콜액티브,K Market,1X,9260.0,443188,4088000000.0,-0.8,-0.54,1.96,-3.09,,,
181,0234N0,KIWOOM 삼성SK그룹TOP4+,K Market,1X,10485.0,385307,4039000000.0,7.43,0.14,,,,,
182,469070,RISE AI&로봇,K Market,1X,10950.0,366251,3999000000.0,1.11,-2.32,-2.32,-15.08,-28.59,11.39,
183,0093A0,RISE AI반도체TOP10,K Market,1X,35030.0,115157,3999000000.0,10.16,3.49,12.89,-22.66,5.94,216.13,
184,474590,WON 반도체밸류체인액티브,K Market,1X,45630.0,85307,3976000000.0,,,,-23.0393,,,
185,441800,TIME Korea플러스배당액티브,K Market,1X,28785.0,133516,3891000000.0,,,,-21.2856,,,
186,451060,1Q 200액티브,K Market,1X,35005.0,107826,3853000000.0,,,,-25.6173,,,
187,448290,TIGER 미국S&P500(H),K Market,1X,17725.0,209554,3723000000.0,,,,2.0752,,,
188,0040Y0,SOL 팔란티어커버드콜OTM채권혼합,K Market,1X,8035.0,459986,3703000000.0,,,,1.3928,,,
189,435420,TIGER 미국나스닥100채권혼합50,K Market,1X,14035.0,257740,3638000000.0,,,,-5.5975,,,
190,480040,ACE 미국반도체데일리타겟커버드콜(합성),K Market,1X,14010.0,250934,3617000000.0,,,,-26.7645,,,
191,0100K0,KODEX 방산TOP10레버리지,K Market,2X,6190.0,567327,3596000000.0,-3.28,5.18,-0.96,-39.46,-57.83,,
192,449190,KODEX 미국나스닥100(H),K Market,1X,22275.0,156934,3519000000.0,,,,-1.7526,,,
193,0168K0,TIGER 기술이전바이오액티브,K Market,1X,5555.0,628251,3472000000.0,,,,-25.9334,,,
194,497570,TIGER 미국필라델피아AI반도체나스닥,K Market,1X,21400.0,157924,3467000000.0,,,,-19.2128,,,
195,457480,ACE 테슬라밸류체인액티브,K Market,1X,18645.0,185317,3467000000.0,,,,-22.1666,,,
196,496080,TIGER 코리아밸류업,K Market,1X,32200.0,105227,3436000000.0,,,,-22.4148,,,
197,480020,ACE 미국빅테크7+데일리타겟커버드콜(합성),K Market,1X,10185.0,334514,3427000000.0,,,,-8.6118,,,
198,0207G0,SOL 우주항공밸류체인,K Market,1X,7450.0,467150,3427000000.0,,,,-19.8925,,,
199,489250,KODEX 미국배당다우존스,K Market,1X,12750.0,266947,3393000000.0,,,,-3.7281,,,
200,465330,RISE 2차전지TOP10,K Market,1X,11305.0,303530,3389000000.0,,,,-11.1243,,,
201,0105E0,SOL 코리아고배당,K Market,1X,12835.0,263926,3384000000.0,,,,-5.7695,,,
202,438100,ACE 미국나스닥100미국채혼합50액티브,K Market,1X,15230.0,218899,3357000000.0,,,,-9.855,,,
203,494890,KODEX 200액티브,K Market,1X,31485.0,104396,3352000000.0,,,,-25.7913,,,
204,0219B0,KoAct 광통신&위성네트워크액티브,K Market,1X,12520.0,267651,3341000000.0,,,,,,,
205,364970,TIGER 바이오TOP10,K Market,1X,6680.0,496749,3332000000.0,,,,-9.2392,,,
206,402970,ACE 미국배당다우존스,K Market,1X,15055.0,215510,3233000000.0,,,,-3.9099,,,
207,0190C0,RISE 현대차고정피지컬AI,K Market,1X,7755.0,418370,3204000000.0,,,,-36.2516,,,
208,123310,TIGER 인버스,K Market,-1X,1089.0,2873985,3140000000.0,-5.63,-1.09,-2.16,13.67,-39.43,-71.82,-78.44
209,0204D0,KODEX 현대차로보틱스밸류체인TOP3플러스,K Market,1X,5775.0,531540,3024000000.0,,,,-31.4541,,,
210,332500,ACE 200TR,K Market,1X,73540.0,40149,3015000000.0,,,,-25.3477,,,
211,298770,KODEX 한국대만IT프리미어,K Market,1X,82940.0,35699,3007000000.0,,,,-18.305,,,
212,476260,HANARO 반도체핵심공정주도주,K Market,1X,12705.0,229194,2998000000.0,,,,-24.7558,,,
213,0080Y0,SOL 조선TOP3플러스레버리지,K Market,2X,8330.0,358683,2972000000.0,-9.95,-4.69,-0.6,-47.56,-54.14,-52.49,
214,0023A0,SOL 미국양자컴퓨팅TOP10,K Market,1X,24755.0,120582,2951000000.0,,,,-27.5958,,,
215,283580,KODEX 차이나CSI300,K Market,1X,15060.0,194714,2944000000.0,,,,-15.9525,,,
216,0008S0,TIGER 미국배당다우존스타겟데일리커버드콜,K Market,1X,9740.0,302505,2939000000.0,,,,-4.0726,,,
217,476760,ACE 미국30년국채액티브,K Market,1X,8930.0,328050,2924000000.0,,,,-13.747,,,
218,0238P0,TIGER 미국S&P500미국채혼합50,K Market,1X,10285.0,282887,2916000000.0,,,,,,,
219,426020,TIME 미국S&P500액티브,K Market,1X,32150.0,89865,2901000000.0,,,,-12.2784,,,
220,0226A0,PLUS SK하이닉스샌디스크채권혼합50,K Market,1X,11135.0,251525,2890000000.0,,,,,,,
221,0048K0,KODEX 차이나휴머노이드로봇,K Market,1X,8085.0,354546,2884000000.0,,,,-29.4708,,,
222,0177X0,ACE K휴머노이드로봇산업TOP2+,K Market,1X,9870.0,288228,2850000000.0,,,,-19.1647,,,
223,292190,KODEX KRX300,K Market,1X,48015.0,57902,2847000000.0,,,,-25.0859,,,
224,433330,SOL 미국S&P500,K Market,1X,21940.0,127095,2796000000.0,,,,-7.0457,,,
225,0192T0,SOL 코스닥TOP10,K Market,1X,6810.0,405168,2788000000.0,,,,-26.1389,,,
226,0069M0,1Q 미국나스닥100,K Market,1X,13535.0,203251,2775000000.0,,,,-10.7975,,,
227,261220,KODEX WTI원유선물(H),K Market,1X,27915.0,100657,2774000000.0,,,,36.4036,,,
228,481060,KODEX 미국30년국채타겟커버드콜(합성 H),K Market,1X,7330.0,373694,2735000000.0,,,,-3.5834,,,
229,0019K0,TIME 미국나스닥100채권혼합50액티브,K Market,1X,13350.0,201197,2704000000.0,,,,-10.6426,,,
230,463050,TIME K바이오액티브,K Market,1X,11290.0,238801,2686000000.0,,,,-22.7242,,,
231,0182S0,1Q K반도체TOP2채권혼합50,K Market,1X,12675.0,207734,2671000000.0,,,,-14.6465,,,
232,329750,TIGER 미국달러단기채권액티브,K Market,1X,13080.0,203686,2668000000.0,,,,-8.7548,,,
233,494410,PLUS 미국S&P500성장주,K Market,1X,14375.0,182475,2652000000.0,,,,-6.4958,,,
234,414780,TIGER 차이나과창판STAR50(합성),K Market,1X,13940.0,188155,2637000000.0,,,,-20.9303,,,
235,244580,KODEX 바이오,K Market,1X,7820.0,331869,2608000000.0,,,,-20.1634,,,
236,423170,SOL 글로벌AI반도체탑픽액티브,K Market,1X,58415.0,43768,2595000000.0,,,,-22.971,,,
237,418670,TIGER 글로벌AI사이버보안,K Market,1X,19080.0,137089,2552000000.0,,,,22.0729,,,
238,446720,SOL 미국배당다우존스,K Market,1X,13575.0,187093,2533000000.0,,,,-3.8637,,,
239,0181B0,HANARO 미국AI메모리반도체TOP4+,K Market,1X,9480.0,250921,2520000000.0,,,,-32.2374,,,
240,0225V0,KODEX 미국CPU반도체TOP10,K Market,1X,11230.0,208960,2411000000.0,,,,,,,
241,0190G0,KODEX 반도체타겟위클리커버드콜,K Market,1X,9065.0,260142,2407000000.0,,,,-23.6764,,,
242,295040,SOL 200TR,K Market,1X,40975.0,57107,2387000000.0,,,,-25.5812,,,
243,251600,PLUS 고배당주채권혼합,K Market,1X,15330.0,155255,2380000000.0,,,,-1.1604,,,
244,0127P0,ACE 미국대형성장주액티브,K Market,1X,10480.0,224741,2371000000.0,,,,-11.2099,,,
245,433500,ACE 원자력TOP10,K Market,1X,60155.0,39303,2352000000.0,,,,-10.8815,,,
246,279530,KODEX 고배당주,K Market,1X,17485.0,134027,2339000000.0,,,,0.0084,,,
247,157500,TIGER 증권,K Market,1X,11830.0,195091,2325000000.0,,,,-26.1917,,,
248,0220B0,DS 코스닥액티브,K Market,1X,10610.0,212066,2311000000.0,,,,,,,
249,272560,RISE 단기국공채액티브,K Market,1X,114910.0,19972,2294000000.0,,,,0.6481,,,
250,456610,TIGER 미국달러SOFR금리액티브(합성),K Market,1X,60170.0,37591,2263000000.0,,,,-8.3962,,,
251,114820,TIGER 국채3년,K Market,1X,104770.0,21570,2259000000.0,,,,0.1051,,,
252,371160,TIGER 차이나항셍테크,K Market,1X,6660.0,332974,2219000000.0,,,,-12.8848,,,
253,122090,PLUS 코스피50,K Market,1X,82430.0,26330,2217000000.0,,,,-26.6147,,,
254,157450,TIGER 단기통안채,K Market,1X,112670.0,19511,2198000000.0,,,,0.6161,,,
255,495050,RISE 코리아밸류업,K Market,1X,32400.0,65952,2162000000.0,,,,-22.4151,,,
256,136340,RISE 중기우량회사채,K Market,1X,103970.0,20699,2150000000.0,,,,0.1824,,,
257,139220,TIGER 200 건설,K Market,1X,8120.0,265148,2142000000.0,,,,-10.3258,,,
258,101280,KODEX 일본TOPIX100,K Market,1X,30805.0,69800,2137000000.0,,,,-5.3776,,,
259,491820,HANARO 전력설비투자,K Market,1X,45260.0,47713,2118000000.0,,,,-18.0667,,,
260,484790,KODEX 미국30년국채액티브(H),K Market,1X,8200.0,258820,2113000000.0,,,,-4.7376,,,
261,460960,ACE 글로벌인컴TOP10,K Market,1X,10940.0,193008,2109000000.0,,,,-8.6584,,,
262,472170,TIGER 미국테크TOP10채권혼합,K Market,1X,14040.0,148140,2087000000.0,,,,-2.1944,,,
263,0131V0,1Q 미국우주항공테크,K Market,1X,11090.0,189392,2078000000.0,,,,-18.4859,,,
264,270810,RISE 코스닥150,K Market,1X,13765.0,148920,2059000000.0,,,,-21.4103,,,
265,473330,SOL 미국30년국채커버드콜(합성),K Market,1X,7950.0,255756,2033000000.0,,,,-13.424,,,
266,0005A0,KODEX 미국S&P500데일리커버드콜OTM,K Market,1X,9405.0,214299,2024000000.0,,,,-7.7166,,,
267,302450,RISE 코스피,K Market,1X,71155.0,27879,2023000000.0,,,,-24.4616,,,
268,298340,PLUS 국채선물3년,K Market,1X,56380.0,35505,2000000000.0,,,,0.3917,,,
269,310960,TIGER 200TR,K Market,1X,63840.0,30258,1970000000.0,,,,-25.2416,,,
270,0137V0,KIWOOM 미국S&P500모멘텀,K Market,1X,11420.0,167608,1956000000.0,,,,-15.5456,,,
271,0092B0,SOL 한국원자력SMR,K Market,1X,16530.0,119155,1953000000.0,,,,-10.1142,,,
272,0223A0,RISE 코스닥커버드콜액티브,K Market,1X,10875.0,175919,1944000000.0,,,,,,,
273,315930,KODEX Top5PlusTR,K Market,1X,80100.0,23803,1935000000.0,,,,-23.6052,,,
274,475050,ACE KPOP포커스,K Market,1X,6925.0,278849,1927000000.0,,,,-16.3648,,,
275,421320,PLUS 우주항공,K Market,1X,29300.0,66758,1917000000.0,,,,-18.2022,,,
276,490490,SOL 미국배당미국채혼합50,K Market,1X,10930.0,174714,1904000000.0,,,,-7.3837,,,
277,466930,SOL 자동차TOP3플러스,K Market,1X,23580.0,81320,1902000000.0,,,,-33.3616,,,
278,0162Y0,TIME 코스닥액티브,K Market,1X,7515.0,249088,1892000000.0,,,,-24.4344,,,
279,0233N0,RISE 글로벌AI낸드메모리반도체,K Market,1X,10615.0,171090,1884000000.0,,,,,,,
280,0025N0,TIGER TDF2045 적격,K Market,1X,11990.0,156534,1882000000.0,,,,-6.1081,,,
281,466950,TIGER 글로벌AI액티브,K Market,1X,30685.0,60176,1875000000.0,,,,-31.9624,,,
282,448100,WON 200,K Market,1X,112365.0,16284,1864000000.0,,,,-25.6022,,,
283,091180,KODEX 자동차,K Market,1X,26150.0,72360,1859000000.0,,,,-27.0501,,,
284,0053L0,TIGER 차이나휴머노이드로봇,K Market,1X,9255.0,200272,1858000000.0,,,,-28.6736,,,
285,491010,TIGER 글로벌AI전력인프라액티브,K Market,1X,24910.0,73283,1847000000.0,,,,-32.0976,,,
286,483280,KODEX 미국AI테크TOP10타겟커버드콜,K Market,1X,11965.0,153233,1843000000.0,,,,-4.3705,,,
287,448300,TIGER 미국나스닥100(H),K Market,1X,22990.0,79288,1835000000.0,,,,-1.804,,,
288,476800,KODEX 한국부동산리츠인프라,K Market,1X,4195.0,435734,1828000000.0,,,,-2.5989,,,
289,483290,KODEX 미국배당다우존스타겟커버드콜,K Market,1X,10225.0,178758,1823000000.0,,,,-3.2938,,,
290,442570,RISE TDF2050액티브 적격,K Market,1X,17425.0,102155,1789000000.0,,,,-9.0474,,,
291,0085P0,ACE 미국10년국채액티브,K Market,1X,9715.0,182594,1773000000.0,,,,-11.4,,,
292,0151P0,RISE 코리아전략산업액티브,K Market,1X,14635.0,116802,1749000000.0,,,,-30.7093,,,
293,261250,KODEX 미국달러선물레버리지,K Market,2X,15955.0,106761,1710000000.0,5.35,6.26,-0.47,-18.7,-14.34,1.94,26.53
294,469170,ACE 포스코그룹포커스,K Market,1X,5990.0,288665,1705000000.0,,,,-8.384,,,
295,495850,KODEX 코리아밸류업,K Market,1X,32180.0,52261,1703000000.0,,,,-22.4679,,,
296,0144L0,KODEX 미국성장커버드콜액티브,K Market,1X,9585.0,175423,1692000000.0,,,,-8.2946,,,
297,495060,TIME 코리아밸류업액티브,K Market,1X,28185.0,58835,1686000000.0,,,,-31.2561,,,
298,481190,SOL 미국테크TOP10,K Market,1X,17195.0,95808,1653000000.0,,,,-3.6695,,,
299,491230,PLUS 국공채머니마켓액티브,K Market,1X,52555.0,31088,1634000000.0,,,,0.7379,,,
300,0206G0,1Q 현대차기아채권혼합50,K Market,1X,7955.0,205699,1619000000.0,,,,-15.5969,,,
301,0186S0,1Q 코스닥150채권혼합50액티브,K Market,1X,8320.0,193023,1610000000.0,,,,-10.3938,,,
302,278540,KODEX MSCI Korea TR,K Market,1X,38830.0,40375,1607000000.0,,,,-26.0945,,,
303,452360,SOL 미국배당다우존스(H),K Market,1X,13250.0,121135,1595000000.0,,,,5.9645,,,
304,0040X0,SOL 팔란티어미국채커버드콜혼합,K Market,1X,9425.0,168966,1593000000.0,,,,-0.842,,,
305,0038A0,KODEX 미국휴머노이드로봇,K Market,1X,15240.0,103324,1591000000.0,,,,-16.505,,,
306,0180V0,ACE 미국우주테크액티브,K Market,1X,8210.0,200055,1588000000.0,,,,-30.2761,,,
307,214980,KODEX 단기채권PLUS,K Market,1X,114425.0,13840,1583000000.0,,,,0.6788,,,
308,314250,KODEX 미국빅테크10(H),K Market,1X,63280.0,24965,1580000000.0,,,,8.1856,,,
309,0193G0,KoAct 코스피액티브,K Market,1X,8425.0,182923,1572000000.0,,,,-27.9607,,,
310,261240,KODEX 미국달러선물,K Market,1X,14300.0,108995,1560000000.0,,,,-8.7137,,,
311,487340,ACE 머니마켓액티브,K Market,1X,106040.0,14714,1560000000.0,,,,0.9039,,,
312,140700,KODEX 보험,K Market,1X,20775.0,74775,1555000000.0,,,,-4.1537,,,
313,0222D0,KoAct 고배당액티브,K Market,1X,10355.0,148774,1535000000.0,,,,,,,
314,0089D0,KODEX 금융고배당TOP10,K Market,1X,13460.0,113465,1533000000.0,,,,-0.2614,,,
315,0064K0,KODEX 금액티브,K Market,1X,12725.0,120911,1532000000.0,,,,-7.2522,,,
316,489000,PLUS 일본엔화초단기국채(합성),K Market,1X,9300.0,162695,1519000000.0,,,,-7.4167,,,
317,490600,RISE 미국배당100데일리고정커버드콜,K Market,1X,8845.0,172025,1518000000.0,,,,-3.9283,,,
318,480030,ACE 미국500데일리타겟커버드콜(합성),K Market,1X,9735.0,153815,1501000000.0,,,,-8.4169,,,
319,434060,KODEX TDF2050액티브 적격,K Market,1X,16810.0,88902,1495000000.0,,,,-8.6335,,,
320,385510,KODEX 신재생에너지액티브,K Market,1X,38810.0,39216,1487000000.0,,,,-15.6121,,,
321,0204S0,TIGER 코스닥액티브,K Market,1X,7090.0,204334,1469000000.0,,,,-23.3928,,,
322,495230,KoAct 코리아밸류업액티브,K Market,1X,31190.0,45940,1457000000.0,,,,-25.8424,,,
323,447770,TIGER 테슬라채권혼합Fn,K Market,1X,13880.0,104334,1444000000.0,,,,-4.5644,,,
324,0052D0,TIGER 코리아배당다우존스,K Market,1X,15370.0,93467,1437000000.0,,,,-3.3972,,,
325,192090,TIGER 차이나CSI300,K Market,1X,12250.0,115624,1422000000.0,,,,-16.9492,,,
326,266370,KODEX IT,K Market,1X,68355.0,20323,1417000000.0,,,,-29.7699,,,
327,483340,ACE 구글밸류체인액티브,K Market,1X,22220.0,62738,1412000000.0,,,,-21.3034,,,
328,472870,RISE 미국30년국채엔화노출(합성 H),K Market,1X,6930.0,200284,1388000000.0,,,,-12.6805,,,
329,455860,SOL 2차전지소부장Fn,K Market,1X,4455.0,317806,1387000000.0,,,,-22.3191,,,
330,0218J0,RISE 미국우주&로봇TOP2미국채혼합50,K Market,1X,9335.0,148912,1385000000.0,,,,,,,
331,0142D0,TIGER 미국AI데이터센터TOP4Plus,K Market,1X,10465.0,128119,1381000000.0,,,,-30.6035,,,
332,0060H0,TIGER 토탈월드스탁액티브,K Market,1X,12660.0,107977,1373000000.0,,,,-8.4641,,,
333,273130,KODEX 종합채권(AA-이상)액티브,K Market,1X,109775.0,12450,1365000000.0,,,,-0.858,,,
334,0104N0,TIGER 200타겟위클리커버드콜,K Market,1X,20960.0,63523,1356000000.0,,,,-25.2838,,,
335,455030,KODEX 미국달러SOFR금리액티브(합성),K Market,1X,11880.0,108468,1290000000.0,,,,-8.5756,,,
336,0000J0,PLUS 한화그룹주,K Market,1X,28775.0,44508,1253000000.0,,,,-17.9499,,,
337,409820,KODEX 미국나스닥100레버리지(합성 H),K Market,2X,20350.0,61721,1252000000.0,5.69,1.29,3.12,-6.07,42.26,44.13,187.96
338,371460,TIGER 차이나전기차SOLACTIVE,K Market,1X,9480.0,131107,1246000000.0,,,,-27.077,,,
339,160580,TIGER 구리실물,K Market,1X,16370.0,74688,1245000000.0,,,,-2.9639,,,
340,153130,KODEX 단기채권,K Market,1X,113145.0,11004,1245000000.0,,,,0.5978,,,
341,354500,ACE 코스닥150,K Market,1X,13965.0,88294,1245000000.0,,,,-21.4788,,,
342,0210E0,PLUS 200커버드콜액티브,K Market,1X,7380.0,166179,1241000000.0,,,,,,,
343,156080,KODEX MSCI Korea,K Market,1X,52005.0,23080,1231000000.0,,,,-26.006,,,
344,0094K0,TIGER 28-04 회사채(A+이상)액티브,K Market,1X,99485.0,12296,1223000000.0,,,,0.6067,,,
345,251350,KODEX MSCI선진국,K Market,1X,38935.0,31122,1215000000.0,,,,-7.4061,,,
346,0184E0,1Q 200채권혼합50액티브,K Market,1X,11045.0,107499,1198000000.0,,,,-11.9357,,,
347,494330,ACE 라이프자산주주가치액티브,K Market,1X,32565.0,36574,1198000000.0,,,,-8.59,,,
348,0123G0,TIGER 미국AI전력SMR,K Market,1X,6310.0,195566,1198000000.0,,,,-22.2428,,,
349,132030,KODEX 골드선물(H),K Market,1X,24620.0,48870,1194000000.0,,,,1.3585,,,
350,0043Y0,TIME 차이나AI테크액티브,K Market,1X,19690.0,59231,1179000000.0,,,,-27.6502,,,
351,485540,KODEX 미국AI테크TOP10,K Market,1X,15485.0,74011,1151000000.0,,,,-5.1916,,,
352,458250,TIGER 미국30년국채스트립액티브(합성 H),K Market,1X,34600.0,33216,1147000000.0,,,,-8.1498,,,
353,0138Y0,PLUS 금채권혼합,K Market,1X,9805.0,111284,1089000000.0,,,,-3.7783,,,
354,0018C0,PLUS 고배당주위클리고정커버드콜,K Market,1X,10520.0,103509,1083000000.0,,,,2.0723,,,
355,491090,KODEX 미국테크TOP3플러스,K Market,1X,18510.0,58334,1080000000.0,,,,-3.0833,,,
356,456880,ACE 미국달러SOFR금리(합성),K Market,1X,12175.0,88057,1073000000.0,,,,-8.5618,,,
357,448630,RISE 삼성그룹Top3채권혼합,K Market,1X,15130.0,68729,1049000000.0,,,,-4.3616,,,
358,493810,TIGER 미국AI빅테크10타겟데일리커버드콜,K Market,1X,11470.0,91177,1049000000.0,,,,-3.9301,,,
359,147970,TIGER 모멘텀,K Market,1X,79075.0,13204,1048000000.0,,,,-25.559,,,
360,479620,SOL 미국AI반도체칩메이커,K Market,1X,25840.0,39464,1045000000.0,,,,-19.0603,,,
361,476850,KoAct 배당성장액티브,K Market,1X,21905.0,46497,1031000000.0,,,,-17.515,,,
362,0111J0,HANARO 증권고배당TOP3플러스,K Market,1X,11915.0,85683,1028000000.0,,,,-25.5905,,,
363,388420,RISE 비메모리반도체액티브,K Market,1X,27040.0,36377,1015000000.0,,,,-32.6947,,,
364,0111P0,1Q 미국나스닥100미국채혼합50액티브,K Market,1X,10840.0,93000,1013000000.0,,,,-9.7233,,,
365,0026S0,1Q 미국S&P500,K Market,1X,12825.0,78638,1012000000.0,,,,-7.0802,,,
366,377990,TIGER Fn신재생에너지,K Market,1X,24255.0,42580,1011000000.0,,,,-21.165,,,
367,269540,PLUS 미국S&P500(H),K Market,1X,29990.0,33632,1010000000.0,,,,0.6713,,,
368,490090,TIGER 미국AI빅테크10,K Market,1X,16185.0,62182,1009000000.0,,,,-3.6608,,,
369,0192Z0,TIGER 중기종합채권(A-이상)액티브,K Market,1X,100815.0,10000,1007000000.0,,,,0.4583,,,
370,316670,KIWOOM 코스닥150,K Market,1X,6925.0,144161,1007000000.0,,,,-21.1725,,,
371,245710,ACE 베트남VN30(합성),K Market,1X,29295.0,34187,999000000.0,,,,-7.0,,,
372,481180,SOL 미국AI소프트웨어,K Market,1X,16810.0,60215,996000000.0,,,,14.4315,,,
373,0080X0,SOL 미국S&P500미국채혼합50,K Market,1X,10865.0,91590,996000000.0,,,,-9.3905,,,
374,0052S0,1Q 미국S&P500미국채혼합50액티브,K Market,1X,11590.0,85391,990000000.0,,,,-7.9534,,,
375,227550,TIGER 200 산업재,K Market,1X,12485.0,80913,990000000.0,,,,-9.8231,,,
376,0192S0,SOL 코스피200채권혼합50,K Market,1X,9445.0,102635,979000000.0,,,,-13.8251,,,
377,0174B0,KoAct 글로벌AI메모리반도체액티브,K Market,1X,14330.0,65305,966000000.0,,,,-29.287,,,
378,475080,KODEX 테슬라커버드콜채권혼합액티브,K Market,1X,7960.0,121218,961000000.0,,,,-3.4248,,,
379,474220,TIGER 미국테크TOP10타겟커버드콜,K Market,1X,15225.0,61020,932000000.0,,,,-2.4137,,,
380,0153K0,KODEX 주주환원고배당주,K Market,1X,12200.0,75770,926000000.0,,,,2.413,,,
381,0051G0,SOL 미국원자력SMR,K Market,1X,12525.0,74912,917000000.0,,,,-21.5717,,,
382,332940,HANARO MSCI Korea TR,K Market,1X,48965.0,18381,917000000.0,,,,-24.4659,,,
383,415760,SOL 차이나육성산업액티브(합성),K Market,1X,13090.0,68696,910000000.0,,,,-21.6872,,,
384,217770,TIGER 원유선물인버스(H),K Market,-1X,1086.0,840344,909000000.0,3.33,-5.73,-12.42,-28.41,-28.6,-58.71,-62.59
385,448540,ACE 엔비디아채권혼합,K Market,1X,26470.0,33870,900000000.0,,,,-0.6568,,,
386,277640,TIGER 코스피대형주,K Market,1X,37535.0,23401,898000000.0,,,,-25.45,,,
387,490480,SOL K방산,K Market,1X,29160.0,30425,878000000.0,,,,-20.5883,,,
388,385560,RISE KIS국고채30년Enhanced,K Market,1X,50585.0,17372,875000000.0,,,,-7.7967,,,
389,473290,KODEX 26-12 회사채(AA-이상)액티브,K Market,1X,10890.0,79820,869000000.0,,,,0.74,,,
390,261070,TIGER 코스닥150바이오테크,K Market,1X,11045.0,77659,867000000.0,,,,-27.0235,,,
391,0194T0,ACE SK하이닉스단일종목레버리지,K Market,2X,10195.0,84498,860000000.0,19.59,9.04,13.34,-72.39,,,
392,474800,KIWOOM 미국원유에너지기업,K Market,1X,16095.0,52957,851000000.0,,,,6.239,,,
393,453870,TIGER 인도니프티50,K Market,1X,11060.0,76402,844000000.0,,,,-14.308,,,
394,152500,ACE 레버리지,K Market,2X,46820.0,18158,841000000.0,11.74,0.81,1.68,-52.01,28.38,358.21,595.38
395,218420,KODEX 미국S&P500에너지(합성),K Market,1X,20700.0,40408,835000000.0,,,,7.9812,,,
396,477080,RISE CD금리액티브(합성),K Market,1X,107635.0,7690,827000000.0,,,,0.7393,,,
397,453330,RISE 미국S&P500(H),K Market,1X,18120.0,45269,821000000.0,,,,2.4017,,,
398,292050,RISE KRX300,K Market,1X,49545.0,16082,813000000.0,,,,-25.6249,,,
399,385720,TIME 코스피액티브,K Market,1X,25510.0,31249,810000000.0,,,,-25.4748,,,
400,203780,TIGER 미국나스닥바이오,K Market,1X,35800.0,22680,796000000.0,,,,6.8816,,,
401,245340,TIGER 미국다우존스30,K Market,1X,34940.0,22796,796000000.0,,,,-8.7907,,,
402,422420,RISE 2차전지액티브,K Market,1X,6725.0,118118,784000000.0,,,,-18.5368,,,
403,471040,KoAct 글로벌AI&로봇액티브,K Market,1X,29500.0,26278,780000000.0,,,,-26.2224,,,
404,256750,KODEX 차이나심천ChiNext(합성),K Market,1X,15215.0,50855,778000000.0,,,,-28.4506,,,
405,250780,TIGER 코스닥150선물인버스,K Market,-1X,2425.0,313727,764000000.0,-3.77,-0.82,-2.41,10.98,17.43,-28.57,-33.29
406,237370,KODEX 코리아배당성장채권혼합,K Market,1X,15570.0,49025,763000000.0,,,,-1.6976,,,
407,261060,TIGER 코스닥150IT,K Market,1X,24985.0,29898,757000000.0,,,,-17.8396,,,
408,0239Y0,PLUS 코리아HBM반도체,K Market,1X,9810.0,75573,755000000.0,,,,,,,
409,441680,TIGER 미국나스닥100커버드콜(합성),K Market,1X,10865.0,68762,752000000.0,,,,-5.2777,,,
410,0189B0,TIGER 은액티브,K Market,1X,8350.0,89416,739000000.0,,,,-11.4059,,,
411,0197W0,SOL SK하이닉스단일종목레버리지,K Market,2X,10000.0,73545,738000000.0,20.85,8.46,12.49,-72.95,,,
412,479080,1Q 머니마켓액티브,K Market,1X,53850.0,13612,733000000.0,,,,0.871,,,
413,310970,TIGER MSCI Korea TR,K Market,1X,48780.0,14634,731000000.0,,,,-25.9788,,,
414,0083S0,1Q 미국메디컬AI,K Market,1X,11890.0,60505,723000000.0,,,,14.2908,,,
415,429000,TIGER 미국S&P500배당귀족,K Market,1X,13100.0,55153,718000000.0,,,,-7.0617,,,
416,0194M0,ACE 삼성전자단일종목레버리지,K Market,2X,11805.0,61346,709000000.0,19.97,2.7,-7.85,-54.56,,,
417,139230,TIGER 200 중공업,K Market,1X,13215.0,53854,705000000.0,,,,-23.5233,,,
418,0172V0,1Q 은액티브,K Market,1X,8715.0,80879,701000000.0,,,,-11.1168,,,
419,458260,TIGER 미국투자등급회사채액티브(H),K Market,1X,45945.0,15173,696000000.0,,,,-2.8012,,,
420,114260,KODEX 국고채3년,K Market,1X,61580.0,11288,695000000.0,,,,0.0406,,,
421,108450,ACE 삼성그룹섹터가중,K Market,1X,39120.0,17364,691000000.0,,,,-21.4143,,,
422,371470,TIGER 차이나바이오테크SOLACTIVE,K Market,1X,8515.0,79019,685000000.0,,,,14.6801,,,
423,0022T0,SOL 국제금커버드콜액티브,K Market,1X,13125.0,51998,681000000.0,,,,-7.7742,,,
424,480310,TIGER 글로벌온디바이스AI,K Market,1X,20855.0,31918,671000000.0,,,,-18.6473,,,
425,413930,WON AI ESG액티브,K Market,1X,27690.0,23588,667000000.0,,,,-25.8635,,,
426,0224X0,1Q 엔비디아알파벳미국채혼합50,K Market,1X,9895.0,66604,661000000.0,,,,,,,
427,498270,KIWOOM 미국양자컴퓨팅,K Market,1X,14620.0,44795,659000000.0,,,,-17.7128,,,
428,0209Z0,ACE 코리아AI전력TOP10,K Market,1X,7360.0,89786,653000000.0,,,,,,,
429,0216Z0,ACE K방산TOP5+,K Market,1X,9090.0,72847,652000000.0,,,,,,,
430,433980,KODEX TDF2040액티브 적격,K Market,1X,15850.0,40673,644000000.0,,,,-5.8716,,,
431,305080,TIGER 미국채10년선물,K Market,1X,12120.0,53168,643000000.0,,,,-11.5652,,,
432,439870,KODEX 국고채30년액티브,K Market,1X,87460.0,7192,626000000.0,,,,-5.668,,,
433,469160,ACE 일본반도체,K Market,1X,24185.0,25750,621000000.0,,,,-29.7255,,,
434,473640,HANARO 글로벌금채굴기업,K Market,1X,34975.0,17954,621000000.0,,,,1.3474,,,
435,495550,SOL 코리아밸류업TR,K Market,1X,33005.0,18456,616000000.0,,,,-22.8405,,,
436,0007F0,KODEX 27-12 회사채(AA-이상)액티브,K Market,1X,10195.0,60462,616000000.0,,,,0.7909,,,
437,451530,TIGER 국고채30년스트립액티브,K Market,1X,35090.0,17642,616000000.0,,,,-11.4225,,,
438,266160,RISE 고배당,K Market,1X,33330.0,18141,613000000.0,,,,-19.6643,,,
439,440650,ACE 미국달러단기채권액티브,K Market,1X,11595.0,52195,606000000.0,,,,-8.8444,,,
440,0041D0,KODEX 미국AI소프트웨어TOP10,K Market,1X,14085.0,43498,601000000.0,,,,8.3133,,,
441,0219Z0,HANARO 미국S&P500액티브,K Market,1X,10430.0,56887,600000000.0,,,,,,,
442,228810,TIGER 미디어컨텐츠,K Market,1X,3060.0,191433,587000000.0,,,,-17.742,,,
443,415340,KODEX 차이나과창판STAR50(합성),K Market,1X,14200.0,40798,586000000.0,,,,-22.1492,,,
444,451540,TIGER 종합채권(AA-이상)액티브,K Market,1X,52765.0,10963,578000000.0,,,,-0.8736,,,
445,326240,RISE IT플러스,K Market,1X,43335.0,12780,565000000.0,,,,-27.4425,,,
446,0141S0,SOL 조선기자재,K Market,1X,8850.0,65215,565000000.0,,,,-18.3203,,,
447,0005G0,IBK K-AI반도체코어테크,K Market,1X,51465.0,10502,555000000.0,,,,-27.3926,,,
448,479850,HANARO K-뷰티,K Market,1X,17955.0,30643,548000000.0,,,,19.1044,,,
449,157490,TIGER 소프트웨어,K Market,1X,7900.0,69868,548000000.0,,,,-15.2361,,,
450,0082V0,KODEX TDF2060액티브 적격,K Market,1X,11260.0,48295,544000000.0,,,,-8.5068,,,
451,0231Z0,KODEX 코리아TDF2065액티브 적격,K Market,1X,10220.0,52356,543000000.0,,,,,,,
452,0000Z0,RISE 바이오TOP10액티브,K Market,1X,8130.0,66228,541000000.0,,,,-28.2437,,,
453,468370,KODEX iShares미국인플레이션국채액티브,K Market,1X,10525.0,51429,540000000.0,,,,-11.0172,,,
454,278620,PLUS 단기채권액티브,K Market,1X,119115.0,4536,540000000.0,,,,0.7144,,,
455,0057H0,PLUS 미국S&P500미국채혼합50액티브,K Market,1X,11680.0,46105,539000000.0,,,,-7.7302,,,
456,275280,KODEX 모멘텀주,K Market,1X,43095.0,12191,535000000.0,,,,-26.1889,,,
457,359210,KODEX 코스피TR,K Market,1X,35660.0,14583,529000000.0,,,,-24.1196,,,
458,0074K0,KoAct K수출핵심기업TOP30액티브,K Market,1X,17010.0,30957,526000000.0,,,,-24.7845,,,
459,117460,KODEX 에너지화학,K Market,1X,13640.0,38261,518000000.0,,,,-9.9882,,,
460,0132K0,PLUS 테슬라위클리커버드콜채권혼합,K Market,1X,7955.0,63566,505000000.0,,,,-4.3501,,,
461,453810,KODEX 인도Nifty50,K Market,1X,11310.0,44457,503000000.0,,,,-13.102,,,
462,0000D0,TIGER 엔비디아미국채커버드콜밸런스(합성),K Market,1X,9030.0,55054,497000000.0,,,,-10.1686,,,
463,471230,KODEX 국고채10년액티브,K Market,1X,103015.0,4768,491000000.0,,,,-1.5671,,,
464,367770,RISE 수소경제테마,K Market,1X,22445.0,21957,489000000.0,,,,-20.633,,,
465,372330,KODEX 차이나항셍테크,K Market,1X,6665.0,73437,487000000.0,,,,-12.7043,,,
466,241180,TIGER 일본니케이225,K Market,1X,34505.0,13964,483000000.0,,,,-14.6445,,,
467,138530,TIGER LG그룹플러스,K Market,1X,12025.0,39519,477000000.0,,,,-11.1563,,,
468,461490,RISE 글로벌자산배분액티브,K Market,1X,14645.0,32475,476000000.0,,,,-3.2695,,,
469,447620,SOL 미국TOP5채권혼합50,K Market,1X,15980.0,29607,475000000.0,,,,1.0752,,,
470,0127M0,ACE 미국대형가치주액티브,K Market,1X,12320.0,38445,471000000.0,,,,-6.6517,,,
471,473460,KODEX 미국서학개미,K Market,1X,24000.0,18948,459000000.0,,,,-11.1473,,,
472,228820,TIGER KTOP30,K Market,1X,18720.0,24079,455000000.0,,,,-23.2872,,,
473,304660,KODEX 미국30년국채울트라선물(H),K Market,1X,7225.0,62052,446000000.0,,,,-4.5575,,,
474,441540,HANARO Fn조선해운,K Market,1X,26970.0,16635,440000000.0,,,,-18.1115,,,
475,464470,PLUS 미국채30년액티브,K Market,1X,47700.0,8892,423000000.0,,,,-13.8517,,,
476,0227L0,HANARO 미국에이전틱AI TOP2+,K Market,1X,10680.0,39955,421000000.0,,,,,,,
477,0131W0,1Q 단기특수은행채액티브,K Market,1X,102250.0,4102,419000000.0,,,,0.724,,,
478,478150,TIME 글로벌우주테크&방산액티브,K Market,1X,18485.0,22632,417000000.0,,,,-21.7567,,,
479,488720,WON 종합채권(AA-이상)액티브,K Market,1X,48585.0,8578,417000000.0,,,,-0.8672,,,
480,138520,TIGER 삼성그룹,K Market,1X,35840.0,11305,413000000.0,,,,-22.087,,,
481,352560,KODEX 미국부동산리츠(H),K Market,1X,11855.0,34911,410000000.0,,,,-2.8891,,,
482,491220,PLUS 200TR,K Market,1X,129645.0,3078,408000000.0,,,,-25.6197,,,
483,292500,SOL KRX300,K Market,1X,49220.0,8092,407000000.0,,,,-25.6245,,,
484,0091C0,KODEX 미국10년국채액티브(H),K Market,1X,9410.0,43360,407000000.0,,,,-2.525,,,
485,0066W0,SOL 국제금,K Market,1X,12870.0,31744,406000000.0,,,,-7.3101,,,
486,289480,TIGER 200커버드콜,K Market,1X,13000.0,30338,400000000.0,,,,3.6181,,,
487,225040,TIGER 미국S&P500레버리지(합성 H),K Market,2X,67485.0,5935,399000000.0,1.73,-1.0,0.51,3.85,30.99,31.58,132.21
488,308620,KODEX 미국10년국채선물,K Market,1X,11395.0,35108,399000000.0,,,,-11.2539,,,
489,479520,RISE KOFR금리액티브(합성),K Market,1X,106535.0,3736,397000000.0,,,,0.6947,,,
490,364990,TIGER 게임TOP10,K Market,1X,4455.0,89871,396000000.0,,,,-13.8298,,,
491,0040S0,HANARO 글로벌피지컬AI액티브,K Market,1X,23795.0,16501,391000000.0,,,,-21.4168,,,
492,497780,KoAct 미국천연가스인프라액티브,K Market,1X,10470.0,37319,391000000.0,,,,-8.0542,,,
493,0132H0,KODEX 미국원자력SMR,K Market,1X,7690.0,50623,383000000.0,,,,-29.0264,,,
494,0176E0,RISE 미국AI전력인프라액티브,K Market,1X,9755.0,38398,378000000.0,,,,-27.1744,,,
495,476070,KODEX 글로벌비만치료제TOP2 Plus,K Market,1X,10705.0,35459,377000000.0,,,,-5.8126,,,
496,0098N0,PLUS 자사주매입고배당주,K Market,1X,12920.0,29022,376000000.0,,,,2.5873,,,
497,442320,RISE 글로벌원자력,K Market,1X,35205.0,10740,376000000.0,,,,-19.3875,,,
498,305050,ACE 코스피,K Market,1X,71325.0,5137,373000000.0,,,,-24.2915,,,
499,278240,RISE 코스닥150선물레버리지,K Market,2X,7820.0,48045,369000000.0,7.86,0.26,2.29,-42.96,-58.87,-24.6,-44.67
500,352540,KODEX 일본부동산리츠(H),K Market,1X,10975.0,33837,368000000.0,,,,-0.1253,,,
501,363570,KODEX 장기종합채권(AA-이상)액티브,K Market,1X,86175.0,4233,364000000.0,,,,-2.8741,,,
502,292560,TIGER 일본엔선물,K Market,1X,8105.0,44533,362000000.0,,,,-7.3715,,,
503,227830,PLUS 코스피,K Market,1X,71500.0,4956,359000000.0,,,,-23.9751,,,
504,447660,PLUS 애플채권혼합,K Market,1X,13930.0,25652,357000000.0,,,,1.8213,,,
505,473590,ACE 미국주식베스트셀러,K Market,1X,19470.0,18129,356000000.0,,,,-17.8655,,,
506,0166S0,PLUS K제조업핵심기업액티브,K Market,1X,11290.0,30880,354000000.0,,,,-26.6169,,,
507,253150,PLUS 200선물레버리지,K Market,2X,211200.0,1692,354000000.0,11.66,0.56,1.74,-52.14,27.98,354.21,587.28
508,143860,TIGER 헬스케어,K Market,1X,35010.0,10099,352000000.0,,,,-14.1386,,,
509,219480,KODEX 미국S&P500선물(H),K Market,1X,33010.0,10652,352000000.0,,,,1.9928,,,
510,491610,1Q CD금리액티브(합성),K Market,1X,105010.0,3333,350000000.0,,,,0.7145,,,
511,0154F0,WON 초대형IB&금융지주,K Market,1X,12215.0,28255,348000000.0,,,,-6.0024,,,
512,486450,SOL 미국AI전력인프라,K Market,1X,19185.0,18087,345000000.0,,,,-23.1525,,,
513,365040,TIGER AI코리아그로스액티브,K Market,1X,36315.0,9271,341000000.0,,,,-22.7916,,,
514,395290,HANARO Fn K-POP&미디어,K Market,1X,4920.0,69272,341000000.0,,,,-18.1365,,,
515,365780,ACE 국고채10년,K Market,1X,81855.0,4150,339000000.0,,,,-1.4627,,,
516,476750,ACE 미국30년국채엔화노출액티브(H),K Market,1X,7510.0,45039,337000000.0,,,,-12.6213,,,
517,228800,TIGER 여행레저,K Market,1X,2625.0,129266,336000000.0,,,,-14.6342,,,
518,463680,KODEX 미국S&P500테크놀로지,K Market,1X,22640.0,14656,334000000.0,,,,-8.4213,,,
519,458750,TIGER 미국배당다우존스타겟커버드콜1호,K Market,1X,12830.0,25903,331000000.0,,,,-3.755,,,
520,475350,RISE 버크셔포트폴리오TOP10,K Market,1X,14695.0,22511,330000000.0,,,,-4.5818,,,
521,0215T0,HANARO 미국AI광통신TOP10,K Market,1X,8780.0,36486,330000000.0,,,,,,,
522,0104G0,PLUS K방산레버리지,K Market,2X,5725.0,56391,329000000.0,-4.74,0.79,-2.8,-45.91,-61.08,,
523,453640,KODEX 미국S&P500헬스케어,K Market,1X,14135.0,23376,329000000.0,,,,1.8562,,,
524,0177A0,WON 두산그룹포커스,K Market,1X,9545.0,34407,327000000.0,,,,-18.2442,,,
525,0186L0,KoAct 미국로봇피지컬AI액티브,K Market,1X,9390.0,34730,326000000.0,,,,-23.0959,,,
526,337160,KODEX 200ESG,K Market,1X,48115.0,6666,325000000.0,,,,-24.7918,,,
527,438330,TIGER 우량회사채액티브,K Market,1X,115325.0,2812,324000000.0,,,,0.4354,,,
528,0192M0,RISE 삼성전자단일종목레버리지,K Market,2X,11875.0,27382,322000000.0,18.99,1.8,-8.02,-54.25,,,
529,433970,KODEX TDF2030액티브 적격,K Market,1X,13935.0,22914,319000000.0,,,,-4.5348,,,
530,476030,SOL 미국나스닥100,K Market,1X,17165.0,18377,318000000.0,,,,-10.7283,,,
531,0198B0,1Q 삼성전자선물단일종목레버리지,K Market,2X,12135.0,26450,317000000.0,19.91,1.72,-9.07,-55.31,,,
532,261140,TIGER 우선주,K Market,1X,24060.0,12933,315000000.0,,,,-17.4198,,,
533,0150K0,KoAct 수소전력ESS인프라액티브,K Market,1X,11145.0,28338,309000000.0,,,,-10.0848,,,
534,0036R0,RISE 미국휴머노이드로봇,K Market,1X,19610.0,15441,306000000.0,,,,-13.5486,,,
535,0164G0,RISE 차이나AI반도체TOP4Plus,K Market,1X,12805.0,23576,306000000.0,,,,-28.7622,,,
536,453950,TIGER TSMC파운드리밸류체인,K Market,1X,31570.0,9258,302000000.0,,,,-24.7617,,,
537,337140,KODEX 코스피대형주,K Market,1X,36305.0,8135,301000000.0,,,,-25.3027,,,
538,0194R0,KIWOOM SK하이닉스선물단일종목레버리지,K Market,2X,9895.0,29955,297000000.0,20.23,9.22,12.0,-72.61,,,
539,139270,TIGER 200 금융,K Market,1X,17055.0,17250,296000000.0,,,,-4.1928,,,
540,465350,RISE 2차전지TOP10인버스(합성),K Market,-1X,16525.0,17988,296000000.0,0.3,2.29,-7.22,-1.7,-10.58,-51.57,
541,0102A0,TIGER 미국AI소프트웨어TOP4Plus,K Market,1X,9010.0,32942,292000000.0,,,,6.8168,,,
542,0023B0,PLUS 미국양자컴퓨팅TOP10,K Market,1X,16570.0,17579,286000000.0,,,,-18.3141,,,
543,0181L0,SOL 미국우주항공TOP10,K Market,1X,7310.0,40298,286000000.0,,,,-29.8128,,,
544,491830,TIGER 미국AI반도체팹리스,K Market,1X,22245.0,12512,284000000.0,,,,-20.5663,,,
545,0198D0,1Q SK하이닉스선물단일종목레버리지,K Market,2X,10535.0,26528,281000000.0,19.17,8.72,12.37,-73.3,,,
546,0035T0,PLUS 글로벌휴머노이드로봇액티브,K Market,1X,19270.0,14385,279000000.0,,,,-22.2828,,,
547,139250,TIGER 200 에너지화학,K Market,1X,17390.0,15984,279000000.0,,,,-9.8225,,,
548,468380,KODEX iShares미국하이일드액티브,K Market,1X,10865.0,25314,275000000.0,,,,-9.4275,,,
549,276970,KODEX 미국S&P500배당귀족커버드콜(합성 H),K Market,1X,7625.0,35937,274000000.0,,,,3.5333,,,
550,138910,KODEX 구리선물(H),K Market,1X,9995.0,26804,272000000.0,,,,0.9595,,,
551,490330,KoAct 미국치매&뇌질환치료제액티브,K Market,1X,14030.0,19446,271000000.0,,,,-6.6534,,,
552,153270,KIWOOM 코스피100,K Market,1X,83950.0,3162,271000000.0,,,,-26.3323,,,
553,196230,RISE 단기통안채,K Market,1X,117055.0,2318,271000000.0,,,,0.5972,,,
554,213610,KODEX 삼성그룹밸류,K Market,1X,21965.0,12096,270000000.0,,,,-20.2144,,,
555,130730,KIWOOM 단기자금,K Market,1X,103115.0,2575,265000000.0,,,,0.649,,,
556,0155N0,HANARO K휴머노이드테마TOP10,K Market,1X,7715.0,34348,265000000.0,,,,-23.0808,,,
557,495750,HANARO 코리아밸류업,K Market,1X,32045.0,8093,264000000.0,,,,-21.6176,,,
558,442550,RISE TDF2030액티브 적격,K Market,1X,14650.0,17791,261000000.0,,,,-6.6678,,,
559,465610,ACE 미국빅테크TOP7 Plus레버리지(합성),K Market,2X,44060.0,5909,260000000.0,9.88,7.32,6.08,-6.63,23.06,36.28,
560,0104H0,KoAct 미국나스닥채권혼합50액티브,K Market,1X,11820.0,21893,259000000.0,,,,-12.7676,,,
561,0086B0,TIGER 리츠부동산인프라TOP10액티브,K Market,1X,9400.0,27459,258000000.0,,,,-5.4533,,,
562,399110,SOL 미국S&P500ESG,K Market,1X,20715.0,12359,257000000.0,,,,-7.6112,,,
563,0190Y0,TIGER 구글밸류체인,K Market,1X,8585.0,29500,257000000.0,,,,-20.153,,,
564,271060,KODEX 3대농산물선물(H),K Market,1X,8990.0,28349,256000000.0,,,,14.8148,,,
565,433880,PLUS TDF2060액티브 적격,K Market,1X,18525.0,13682,254000000.0,,,,-8.0493,,,
566,465660,TIGER 일본반도체FACTSET,K Market,1X,23895.0,10437,251000000.0,,,,-28.5882,,,
567,329660,KODEX TRF5050,K Market,1X,17750.0,14042,249000000.0,,,,-4.04,,,
568,494840,TIGER 미국방산TOP10,K Market,1X,12300.0,20083,247000000.0,,,,-12.3628,,,
569,229720,KODEX KTOP30,K Market,1X,36880.0,6561,246000000.0,,,,-23.6877,,,
570,291630,KIWOOM 코스닥150선물레버리지,K Market,2X,3500.0,70488,243000000.0,7.36,0.29,2.79,-42.53,-58.75,-23.33,-44.62
571,0093D0,KoAct 팔란티어밸류체인액티브,K Market,1X,18255.0,13364,242000000.0,,,,-14.9744,,,
572,0047A0,TIGER 차이나테크TOP10,K Market,1X,12820.0,18803,241000000.0,,,,-17.397,,,
573,394670,TIGER 글로벌리튬&2차전지SOLACTIVE(합성),K Market,1X,10755.0,22733,241000000.0,,,,-22.5702,,,
574,0194N0,KIWOOM 삼성전자선물단일종목레버리지,K Market,2X,11795.0,20710,241000000.0,18.84,1.72,-8.76,-54.15,,,
575,473490,KIWOOM 글로벌AI반도체,K Market,1X,30865.0,7669,240000000.0,,,,-14.1894,,,
576,434960,DAISHIN K200,K Market,1X,110180.0,2138,240000000.0,,,,-25.5404,,,
577,411420,KODEX 미국나스닥AI테크액티브,K Market,1X,27025.0,8779,238000000.0,,,,-8.8819,,,
578,0192L0,RISE SK하이닉스단일종목레버리지,K Market,2X,10325.0,22977,238000000.0,20.13,8.29,12.84,-72.05,,,
579,487130,KoAct AI인프라액티브,K Market,1X,29315.0,7904,235000000.0,,,,-23.1284,,,
580,0090B0,PLUS K방산소부장,K Market,1X,7130.0,32918,232000000.0,,,,-26.8718,,,
581,117680,KODEX 철강,K Market,1X,12835.0,18258,231000000.0,,,,-2.3987,,,
582,252420,RISE 200선물인버스2X,K Market,-2X,74.0,3079072,230000000.0,-10.84,-3.9,-6.33,12.12,-70.75,-94.25,-97.06
583,261260,KODEX 미국달러선물인버스2X,K Market,-2X,5325.0,43455,230000000.0,-5.16,-5.92,0.47,22.98,15.76,-3.01,-20.58
584,479730,TIGER 인도빌리언컨슈머,K Market,1X,9675.0,23600,227000000.0,,,,-8.5069,,,
585,210780,TIGER 코스피고배당,K Market,1X,23395.0,9748,227000000.0,,,,-0.904,,,
586,0119H0,KODEX 28-12 회사채(AA-이상)액티브,K Market,1X,9910.0,22932,227000000.0,,,,0.3036,,,
587,0104P0,TIGER 코리아배당다우존스위클리커버드콜,K Market,1X,11005.0,20575,225000000.0,,,,-2.7079,,,
588,091220,TIGER 은행,K Market,1X,17305.0,12976,225000000.0,,,,7.0501,,,
589,446690,KODEX 아시아AI반도체exChina액티브,K Market,1X,59690.0,3670,223000000.0,,,,-29.6805,,,
590,0153X0,PLUS 미국고배당주액티브,K Market,1X,11200.0,20012,222000000.0,,,,-0.4691,,,
591,495330,1Q 코리아밸류업,K Market,1X,31805.0,6843,221000000.0,,,,-23.6113,,,
592,496120,ACE 코리아밸류업,K Market,1X,33475.0,6526,221000000.0,,,,-21.8092,,,
593,329670,KODEX TRF7030,K Market,1X,21830.0,10107,220000000.0,,,,-6.0712,,,
594,411540,SOL 200 Top10,K Market,1X,17110.0,12865,219000000.0,,,,-22.9608,,,
595,273140,KODEX 단기변동금리부채권액티브,K Market,1X,114610.0,1914,219000000.0,,,,0.6826,,,
596,449770,KIWOOM 미국S&P500,K Market,1X,21030.0,10024,211000000.0,,,,-7.018,,,
597,438900,HANARO Fn K-푸드,K Market,1X,10935.0,18828,205000000.0,,,,1.6723,,,
598,415920,PLUS 글로벌희토류&전략자원생산기업,K Market,1X,6550.0,31157,204000000.0,,,,-34.6634,,,
599,494340,ACE 글로벌AI맞춤형반도체,K Market,1X,19540.0,10070,202000000.0,,,,-32.1528,,,
600,0232A0,MIDAS 머니마켓액티브,K Market,1X,100255.0,2006,201000000.0,,,,,,,
601,395170,KODEX Top10동일가중,K Market,1X,15190.0,12900,200000000.0,,,,-33.0583,,,
602,458210,KIWOOM CD금리액티브(합성),K Market,1X,110780.0,1801,199000000.0,,,,0.7457,,,
603,0144M0,KODEX 미국드론UAM TOP10,K Market,1X,6710.0,29740,196000000.0,,,,-26.142,,,
604,472840,IBK 200,K Market,1X,108755.0,1755,194000000.0,,,,-25.6547,,,
605,385550,RISE 단기채권알파액티브,K Market,1X,114285.0,1690,193000000.0,,,,0.7848,,,
606,477490,에셋플러스 글로벌일등기업포커스10액티브,K Market,1X,18695.0,10233,192000000.0,,,,-15.4838,,,
607,0118S0,SOL 미국넥스트테크TOP10액티브,K Market,1X,10995.0,17554,192000000.0,,,,-23.1119,,,
608,447430,ACE 주주환원가치주액티브,K Market,1X,16215.0,11752,191000000.0,,,,-0.6053,,,
609,409810,KODEX 미국나스닥100선물인버스(H),K Market,-1X,5485.0,34806,190000000.0,-2.58,-0.36,-1.44,2.05,-17.83,-18.98,-45.37
610,0193K0,PLUS 삼성전자단일종목레버리지,K Market,2X,12900.0,14839,189000000.0,18.84,2.42,-8.83,-53.77,,,
611,0216K0,KIWOOM 미국우주테크TOP2채권혼합50,K Market,1X,8940.0,21470,188000000.0,,,,,,,
612,0221V0,IBK 초단기채권액티브,K Market,1X,100625.0,1878,188000000.0,,,,,,,
613,174360,RISE 중국본토대형주CSI100,K Market,1X,22885.0,8061,184000000.0,,,,-17.0984,,,
614,148070,KIWOOM 국고채10년,K Market,1X,103735.0,1764,183000000.0,,,,-1.4956,,,
615,287180,PLUS 미국나스닥테크,K Market,1X,54295.0,3322,182000000.0,,,,-14.3748,,,
616,464600,SOL 자동차소부장Fn,K Market,1X,22565.0,8038,181000000.0,,,,-31.2881,,,
617,0049M0,ACE 미국배당퀄리티+커버드콜액티브,K Market,1X,11200.0,16153,180000000.0,,,,-7.6631,,,
618,195980,PLUS 신흥국MSCI(합성 H),K Market,1X,15375.0,11671,180000000.0,,,,-2.7207,,,
619,0155M0,ACE 미국SMR원자력TOP10,K Market,1X,6595.0,27996,180000000.0,,,,-23.8893,,,
620,464930,TIGER 글로벌혁신블루칩TOP10,K Market,1X,20530.0,8709,179000000.0,,,,-6.5544,,,
621,0184V0,UNICORN K바이오액티브,K Market,1X,5300.0,34297,179000000.0,,,,-32.0513,,,
622,469060,RISE 미국반도체NYSE,K Market,1X,34770.0,4972,177000000.0,,,,-22.6835,,,
623,0020H0,KoAct 글로벌양자컴퓨팅액티브,K Market,1X,21815.0,8009,177000000.0,,,,-28.7208,,,
624,253230,KIWOOM 200선물인버스2X,K Market,-2X,71.0,2515705,177000000.0,-10.13,-2.74,-5.33,14.52,-70.66,-94.54,-97.19
625,0139P0,ACE 고배당주,K Market,1X,13435.0,13191,176000000.0,,,,-3.8019,,,
626,0061Z0,RISE 단기특수은행채액티브,K Market,1X,51065.0,3439,175000000.0,,,,0.7298,,,
627,487750,BNK 온디바이스AI,K Market,1X,31870.0,5371,174000000.0,,,,-27.4693,,,
628,498860,RISE 코리아금융고배당,K Market,1X,16405.0,10608,174000000.0,,,,-11.9659,,,
629,0185L0,TIME 글로벌휴머노이드로봇산업액티브,K Market,1X,7270.0,23815,174000000.0,,,,-30.0962,,,
630,319640,TIGER 골드선물(H),K Market,1X,25780.0,6752,173000000.0,,,,0.7818,,,
631,329650,KODEX TRF3070,K Market,1X,14025.0,12304,172000000.0,,,,-2.8934,,,
632,0089B0,PLUS 미국나스닥100미국채혼합50,K Market,1X,11260.0,15199,171000000.0,,,,-9.4696,,,
633,0103T0,1Q K소버린AI,K Market,1X,8230.0,20923,171000000.0,,,,-13.5505,,,
634,442560,RISE TDF2040액티브 적격,K Market,1X,16405.0,10344,170000000.0,,,,-8.2484,,,
635,437080,KODEX 미국종합채권ESG액티브(H),K Market,1X,96155.0,1767,169000000.0,,,,-1.9408,,,
636,130680,TIGER 원유선물Enhanced(H),K Market,1X,8175.0,21119,169000000.0,,,,36.25,,,
637,0220A0,KIWOOM 현대차그룹TOP3채권혼합50,K Market,1X,8950.0,19079,169000000.0,,,,,,,
638,445150,KODEX 친환경조선해운액티브,K Market,1X,28120.0,6099,169000000.0,,,,-19.1329,,,
639,360140,KODEX 200롱코스닥150숏선물,K Market,1X,22925.0,7327,169000000.0,,,,-9.0639,,,
640,266420,KODEX 헬스케어,K Market,1X,15900.0,10591,168000000.0,,,,-14.1701,,,
641,211560,TIGER 배당성장,K Market,1X,34965.0,4787,167000000.0,,,,-6.3267,,,
642,365000,TIGER 인터넷TOP10,K Market,1X,3560.0,47948,167000000.0,,,,-23.5231,,,
643,464310,TIGER 글로벌AI&로보틱스 INDXX,K Market,1X,13575.0,12334,167000000.0,,,,-17.9263,,,
644,0203S0,WON 삼성전자현대차채권혼합50,K Market,1X,8490.0,19339,165000000.0,,,,-16.5602,,,
645,430500,KIWOOM 물가채KIS,K Market,1X,112905.0,1467,165000000.0,,,,-0.991,,,
646,143850,TIGER 미국S&P500선물(H),K Market,1X,77105.0,2130,164000000.0,,,,1.5541,,,
647,225130,ACE 골드선물 레버리지(합성 H),K Market,2X,47640.0,3399,162000000.0,1.08,-2.14,-9.08,4.66,-24.99,19.57,202.42
648,0224D0,KIWOOM 미국CPU반도체TOP4+,K Market,1X,10385.0,15453,162000000.0,,,,,,,
649,428510,KODEX 차이나AI테크액티브,K Market,1X,23835.0,6679,159000000.0,,,,-29.5329,,,
650,453650,KODEX 미국S&P500금융,K Market,1X,18875.0,8241,156000000.0,,,,-6.7442,,,
651,309230,ACE 미국WideMoat동일가중,K Market,1X,30175.0,5168,155000000.0,,,,-3.4259,,,
652,464920,PLUS 일본반도체소부장,K Market,1X,23105.0,6716,154000000.0,,,,-25.6716,,,
653,486830,HANARO 머니마켓액티브,K Market,1X,53360.0,2856,152000000.0,,,,0.8505,,,
654,481340,RISE 미국30년국채액티브,K Market,1X,8550.0,17890,152000000.0,,,,-14.3989,,,
655,484890,SOL 머니마켓액티브,K Market,1X,52610.0,2885,151000000.0,,,,0.7082,,,
656,455660,ACE 미국하이일드액티브(H),K Market,1X,9370.0,16227,151000000.0,,,,-0.2662,,,
657,183700,RISE 200채권혼합50,K Market,1X,96255.0,1564,151000000.0,,,,-13.2056,,,
658,192720,파워 고배당저변동성,K Market,1X,57865.0,2617,150000000.0,,,,-1.7575,,,
659,139320,TIGER 금은선물(H),K Market,1X,18305.0,8261,150000000.0,,,,0.2464,,,
660,275290,KODEX 가치주,K Market,1X,34735.0,4212,149000000.0,,,,-21.5256,,,
661,243890,TIGER 200에너지화학레버리지,K Market,2X,8145.0,18274,148000000.0,-3.89,-10.54,-0.37,-23.7,-10.4,61.29,-26.17
662,139240,TIGER 200 철강소재,K Market,1X,11385.0,13276,148000000.0,,,,-0.9139,,,
663,483330,ACE 마이크로소프트밸류체인액티브,K Market,1X,15200.0,9721,146000000.0,,,,0.6955,,,
664,300610,TIGER K게임,K Market,1X,5365.0,27429,145000000.0,,,,-6.1243,,,
665,0138T0,RISE 미국S&P500데일리고정커버드콜,K Market,1X,9395.0,15360,145000000.0,,,,-7.1015,,,
666,465670,TIGER 미국캐시카우100,K Market,1X,16585.0,8741,143000000.0,,,,4.5234,,,
667,0166N0,PLUS 코스닥150액티브,K Market,1X,8100.0,17561,143000000.0,,,,-19.4832,,,
668,449580,RISE 테슬라애플아마존채권혼합,K Market,1X,16260.0,8821,143000000.0,,,,-2.2781,,,
669,0221Z0,ACE K바이오코스닥액티브,K Market,1X,9150.0,15538,141000000.0,,,,,,,
670,325020,KODEX 배당가치,K Market,1X,29235.0,4799,141000000.0,,,,-10.0732,,,
671,306530,HANARO 코스닥150선물레버리지,K Market,2X,6960.0,20474,140000000.0,7.41,-0.36,2.43,-42.9,-59.31,-24.72,-45.33
672,469050,RISE 미국반도체NYSE(H),K Market,1X,31545.0,4352,140000000.0,,,,-15.0846,,,
673,416090,ACE 중국과창판STAR50,K Market,1X,12975.0,10738,140000000.0,,,,-22.4679,,,
674,463290,1Q 단기금융채액티브,K Market,1X,109405.0,1269,138000000.0,,,,0.7783,,,
675,211900,KODEX 코리아배당성장,K Market,1X,27800.0,4949,138000000.0,,,,-6.9255,,,
676,496090,KIWOOM 코리아밸류업,K Market,1X,32095.0,4177,136000000.0,,,,-23.4429,,,
677,0178H0,IBK 미국AI TOP10국채혼합50,K Market,1X,10065.0,13338,134000000.0,,,,-0.9289,,,
678,471460,KIWOOM 국고채30년액티브,K Market,1X,45300.0,2960,134000000.0,,,,-5.987,,,
679,256440,ACE MSCI인도네시아(합성),K Market,1X,5115.0,26217,133000000.0,,,,-11.5817,,,
680,266360,KODEX K콘텐츠,K Market,1X,9325.0,14171,131000000.0,,,,-15.8014,,,
681,437350,RISE 미국단기투자등급회사채액티브,K Market,1X,12135.0,10804,131000000.0,,,,-9.7434,,,
682,438560,SOL 국고채3년,K Market,1X,100170.0,1285,128000000.0,,,,0.17,,,
683,464610,SOL 의료기기소부장Fn,K Market,1X,6805.0,18831,127000000.0,,,,-18.6978,,,
684,488500,TIGER 미국S&P500동일가중,K Market,1X,12455.0,10221,126000000.0,,,,-7.4281,,,
685,485810,TIME 글로벌바이오액티브,K Market,1X,11715.0,10754,125000000.0,,,,8.422,,,
686,304940,KODEX 미국나스닥100선물(H),K Market,1X,32520.0,3846,125000000.0,,,,-1.9153,,,
687,0120J0,BNK 카카오그룹포커스,K Market,1X,7680.0,16393,125000000.0,,,,-8.7886,,,
688,195970,PLUS 선진국MSCI(합성 H),K Market,1X,16340.0,7617,123000000.0,,,,0.8641,,,
689,485690,RISE 미국AI밸류체인TOP3Plus,K Market,1X,22415.0,5354,121000000.0,,,,-10.5634,,,
690,472830,RISE 미국30년국채커버드콜(합성),K Market,1X,7885.0,15394,120000000.0,,,,-13.9041,,,
691,0105D0,SOL 한국AI소프트웨어,K Market,1X,8995.0,13232,119000000.0,,,,-17.7788,,,
692,152870,파워 200,K Market,1X,110355.0,1056,119000000.0,,,,-25.2784,,,
693,145670,ACE 인버스,K Market,-1X,1247.0,94001,117000000.0,-5.46,-1.11,-1.81,16.32,-38.57,-71.17,-77.69
694,444490,WON 미국S&P500,K Market,1X,20170.0,5743,116000000.0,,,,-7.0722,,,
695,440640,ACE 단기채권알파액티브,K Market,1X,112795.0,1037,116000000.0,,,,0.7863,,,
696,253160,PLUS 200선물인버스2X,K Market,-2X,147.0,798775,116000000.0,-8.13,-2.0,-3.92,12.21,-71.35,-94.41,-97.11
697,204480,TIGER 차이나CSI300레버리지(합성),K Market,2X,23630.0,4928,116000000.0,7.87,4.74,-4.7,-36.78,-18.62,4.63,30.22
698,456680,TIGER 차이나전기차레버리지(합성),K Market,2X,5330.0,21611,115000000.0,1.91,-4.05,-20.68,-49.81,-49.76,-36.72,-39.8
699,261270,KODEX 미국달러선물인버스,K Market,-1X,8095.0,14351,115000000.0,-2.59,-2.88,0.37,11.42,8.44,0.06,-6.2
700,0046Y0,ACE 미국배당퀄리티,K Market,1X,12505.0,9143,114000000.0,,,,-6.1822,,,
701,461910,PLUS 미국테크TOP10레버리지(합성),K Market,2X,38230.0,2985,114000000.0,11.26,8.42,8.45,-9.87,13.95,18.89,280.4
702,475070,KoAct 글로벌친환경전력인프라액티브,K Market,1X,29945.0,3783,112000000.0,,,,-25.4358,,,
703,496020,WON 전단채플러스액티브,K Market,1X,52555.0,2098,110000000.0,,,,0.9217,,,
704,449780,KIWOOM 미국S&P500(H),K Market,1X,18630.0,5899,110000000.0,,,,1.7501,,,
705,102960,KODEX 기계장비,K Market,1X,13650.0,8123,110000000.0,,,,-22.9902,,,
706,488210,KIWOOM K-반도체북미공급망,K Market,1X,25220.0,4272,109000000.0,,,,-14.0212,,,
707,440340,TIGER 글로벌멀티에셋TIF액티브,K Market,1X,11845.0,9161,109000000.0,,,,-9.4375,,,
708,0018Z0,RISE 미국양자컴퓨팅,K Market,1X,18180.0,6035,109000000.0,,,,-16.0406,,,
709,290080,RISE 200고배당커버드콜ATM,K Market,1X,7375.0,14743,109000000.0,,,,25.4766,,,
710,0133E0,TIGER 차이나증권,K Market,1X,8440.0,12495,105000000.0,,,,-9.7809,,,
711,476450,KIWOOM 머니마켓액티브,K Market,1X,52860.0,1992,105000000.0,,,,0.8393,,,
712,219390,RISE 미국S&P원유생산기업(합성 H),K Market,1X,8335.0,12823,104000000.0,,,,21.5014,,,
713,379790,RISE 유로스탁스50(H),K Market,1X,17215.0,6101,104000000.0,,,,1.1106,,,
714,0127R0,RISE 미국AI클라우드인프라,K Market,1X,16280.0,6270,104000000.0,,,,-27.9708,,,
715,0115E0,KODEX 코리아소버린AI,K Market,1X,14020.0,7406,103000000.0,,,,-14.1245,,,
716,438320,TIGER 차이나항셍테크레버리지(합성 H),K Market,2X,4780.0,21385,102000000.0,3.91,-5.35,-13.87,-9.38,-28.01,-49.6,-43.2
717,182480,TIGER 미국MSCI리츠(합성 H),K Market,1X,13190.0,7701,101000000.0,,,,-2.476,,,
718,0047P0,RISE 테슬라고정테크100,K Market,1X,14730.0,6810,100000000.0,,,,-8.6772,,,
719,364960,TIGER BBIG,K Market,1X,6205.0,16354,100000000.0,,,,-12.6672,,,
720,252650,KODEX 200동일가중,K Market,1X,18540.0,5390,99000000.0,,,,-7.9302,,,
721,440910,WON 미국우주항공방산,K Market,1X,22865.0,4312,98000000.0,,,,-22.6358,,,
722,0184N0,PLUS 은채권혼합,K Market,1X,8910.0,11073,98000000.0,,,,-5.2128,,,
723,401170,RISE 메타버스,K Market,1X,10380.0,9358,97000000.0,,,,-25.4579,,,
724,252400,RISE 200선물레버리지,K Market,2X,105895.0,925,97000000.0,11.82,0.59,1.57,-51.91,29.12,358.68,588.84
725,300950,KODEX 게임산업,K Market,1X,5350.0,18075,95000000.0,,,,-9.3989,,,
726,468630,KODEX iShares미국투자등급회사채액티브,K Market,1X,10785.0,8780,94000000.0,,,,-11.6893,,,
727,453080,KIWOOM 미국나스닥100(H),K Market,1X,23000.0,4025,93000000.0,,,,-2.2202,,,
728,460270,KIWOOM 미국달러SOFR금리액티브(합성),K Market,1X,12620.0,7359,92000000.0,,,,-8.3515,,,
729,0065G0,KODEX 차이나테크TOP10,K Market,1X,8400.0,10730,90000000.0,,,,-12.0541,,,
730,253250,KIWOOM 200선물레버리지,K Market,2X,104100.0,859,89000000.0,11.61,0.56,1.51,-51.86,28.84,357.24,583.07
731,0117L0,KODEX 26-12 금융채(AA-이상)액티브,K Market,1X,10175.0,8835,89000000.0,,,,0.7924,,,
732,450910,SOL 코스닥150,K Market,1X,13560.0,6478,89000000.0,,,,-21.2544,,,
733,0174J0,DAISHIN 오피스리츠플러스,K Market,1X,8590.0,10031,87000000.0,,,,-5.464,,,
734,0004G0,1Q 미국배당TOP30,K Market,1X,8810.0,9936,87000000.0,,,,-6.0391,,,
735,0049K0,ACE 미국배당퀄리티채권혼합50,K Market,1X,11095.0,7764,86000000.0,,,,-3.0093,,,
736,0085N0,ACE 미국10년국채액티브(H),K Market,1X,9630.0,8987,86000000.0,,,,-2.3293,,,
737,238720,ACE 일본Nikkei225(H),K Market,1X,47370.0,1841,86000000.0,,,,-8.6492,,,
738,168580,ACE 중국본토CSI300,K Market,1X,33835.0,2503,85000000.0,,,,-16.2604,,,
739,217780,TIGER 차이나CSI300인버스(합성),K Market,-1X,5485.0,15557,85000000.0,-4.44,-2.4,1.67,20.29,3.49,-12.63,-32.71
740,104530,KIWOOM 코리아고배당,K Market,1X,17045.0,4940,84000000.0,,,,-4.9265,,,
741,0223R0,TIGER 미국테크NYSE100액티브,K Market,1X,9440.0,8796,84000000.0,,,,,,,
742,190620,ACE 단기통안채,K Market,1X,102095.0,824,84000000.0,,,,0.6308,,,
743,0118Z0,ACE 미국AI테크핵심산업액티브,K Market,1X,8770.0,9685,84000000.0,,,,-14.0197,,,
744,395750,PLUS ESG가치주액티브,K Market,1X,20470.0,4034,84000000.0,,,,-24.5346,,,
745,0113D0,TIME 글로벌탑픽액티브,K Market,1X,11985.0,6949,83000000.0,,,,-8.1258,,,
746,266410,KODEX 필수소비재,K Market,1X,9540.0,8728,83000000.0,,,,5.4765,,,
747,461450,KODEX 코스닥글로벌,K Market,1X,15045.0,5541,83000000.0,,,,-19.6958,,,
748,476690,TIGER 글로벌비만치료제TOP2Plus,K Market,1X,10305.0,7886,81000000.0,,,,-5.8582,,,
749,404120,TIME K신재생에너지액티브,K Market,1X,24825.0,3292,80000000.0,,,,-20.7123,,,
750,174350,TIGER 로우볼,K Market,1X,20665.0,3853,79000000.0,,,,1.8313,,,
751,280930,KODEX 미국러셀2000(H),K Market,1X,16240.0,4830,78000000.0,,,,-2.9869,,,
752,412560,TIGER BBIG레버리지,K Market,2X,1536.0,49761,77000000.0,-4.89,-13.12,-11.98,-26.68,-33.22,-31.7,-45.1
753,0107F0,KIWOOM 미국고배당&AI테크,K Market,1X,11220.0,6947,77000000.0,,,,-8.0508,,,
754,139290,TIGER 200 경기소비재,K Market,1X,23910.0,3281,77000000.0,,,,-25.4676,,,
755,306950,KODEX KRX300레버리지,K Market,2X,79565.0,977,77000000.0,9.71,0.79,1.24,-52.22,18.5,307.29,473.86
756,0137W0,KIWOOM 미국S&P500&GOLD,K Market,1X,10340.0,7397,77000000.0,,,,-6.8835,,,
757,0097L0,KIWOOM 한국고배당&미국AI테크,K Market,1X,12455.0,6116,76000000.0,,,,-7.4654,,,
758,371450,TIGER 글로벌클라우드컴퓨팅INDXX,K Market,1X,13950.0,5566,76000000.0,,,,13.831,,,
759,400970,TIGER Fn메타버스,K Market,1X,7115.0,10768,76000000.0,,,,-23.2057,,,
760,0127V0,KIWOOM 미국S&P500 TOP10&배당다우비중전환,K Market,1X,10820.0,7075,76000000.0,,,,-3.894,,,
761,494210,SOL 미국500타겟데일리커버드콜액티브,K Market,1X,10825.0,6927,75000000.0,,,,-7.058,,,
762,185680,KODEX 미국S&P바이오(합성),K Market,1X,46695.0,1631,75000000.0,,,,2.3676,,,
763,360150,KODEX 코스닥150롱코스피200숏선물,K Market,1X,3025.0,24785,74000000.0,,,,,,,
764,0208N0,IBK 코스피액티브,K Market,1X,7600.0,9531,74000000.0,,,,,,,
765,482030,KoAct 반도체&2차전지핵심소재액티브,K Market,1X,9030.0,8120,73000000.0,,,,-22.456,,,
766,140950,파워 코스피100,K Market,1X,85995.0,825,72000000.0,,,,-25.7066,,,
767,385540,RISE 종합채권(A-이상)액티브,K Market,1X,102815.0,704,72000000.0,,,,-0.8774,,,
768,0013R0,RISE 테슬라미국채타겟커버드콜혼합(합성),K Market,1X,7890.0,9219,72000000.0,,,,-12.9783,,,
769,200250,KIWOOM 인도Nifty50(합성),K Market,1X,20735.0,3509,72000000.0,,,,-13.279,,,
770,442260,마이티 다이나믹퀀트액티브,K Market,1X,38400.0,1792,69000000.0,,,,-25.5959,,,
771,241390,RISE V&S셀렉트밸류채권혼합,K Market,1X,15665.0,4446,69000000.0,,,,-7.3626,,,
772,385600,ACE 2차전지&친환경차액티브,K Market,1X,11560.0,6059,69000000.0,,,,-21.6006,,,
773,401470,KODEX 메타버스액티브,K Market,1X,9295.0,7345,68000000.0,,,,-17.1569,,,
774,251590,PLUS 고배당저변동50,K Market,1X,17140.0,3973,67000000.0,,,,-0.5674,,,
775,496770,PLUS 글로벌방산,K Market,1X,16700.0,4023,67000000.0,,,,-10.5278,,,
776,380340,ACE 코리아AI테크핵심산업,K Market,1X,27285.0,2464,67000000.0,,,,-30.8278,,,
777,276990,KODEX 글로벌로봇(합성),K Market,1X,25060.0,2670,66000000.0,,,,-15.6371,,,
778,275300,KODEX 우량주,K Market,1X,30065.0,2154,66000000.0,,,,-23.9495,,,
779,495940,RISE 미국AI테크액티브,K Market,1X,19490.0,3350,65000000.0,,,,-16.5473,,,
780,488980,SOL 26-12 회사채(AA-이상)액티브,K Market,1X,52195.0,1252,65000000.0,,,,0.7917,,,
781,284980,RISE 200금융,K Market,1X,22460.0,2851,65000000.0,,,,-5.4466,,,
782,304770,HANARO 코스닥150,K Market,1X,13840.0,4685,65000000.0,,,,-21.4083,,,
783,394660,TIGER 글로벌자율주행&전기차SOLACTIVE,K Market,1X,15465.0,4212,64000000.0,,,,-22.1691,,,
784,176950,KODEX 국채선물10년인버스,K Market,-1X,60970.0,1040,63000000.0,-0.75,0.62,0.69,1.89,5.81,13.39,12.0
785,227540,TIGER 200 헬스케어,K Market,1X,18410.0,3459,63000000.0,,,,-2.1786,,,
786,302190,TIGER 중장기국채,K Market,1X,49840.0,1268,63000000.0,,,,-0.6776,,,
787,0122W0,RISE 26-11 회사채(AA-이상)액티브,K Market,1X,51070.0,1224,62000000.0,,,,0.7894,,,
788,0207Z0,KIWOOM 미국우주데이터센터인프라,K Market,1X,7230.0,8739,62000000.0,,,,-27.3367,,,
789,137610,TIGER 농산물선물Enhanced(H),K Market,1X,5875.0,10618,62000000.0,,,,13.8565,,,
790,114470,KIWOOM 국고채3년,K Market,1X,107180.0,585,62000000.0,,,,0.1051,,,
791,385590,ACE ESG액티브,K Market,1X,23835.0,2527,61000000.0,,,,-21.6083,,,
792,195930,TIGER 유로스탁스50(합성 H),K Market,1X,23050.0,2677,61000000.0,,,,0.1738,,,
793,407820,에셋플러스 코리아플랫폼액티브,K Market,1X,6035.0,10156,61000000.0,,,,-20.7486,,,
794,475380,RISE 글로벌리얼티인컴,K Market,1X,10125.0,6004,60000000.0,,,,-10.9618,,,
795,453010,PLUS KOFR금리,K Market,1X,110010.0,553,60000000.0,,,,0.6864,,,
796,334690,RISE 팔라듐선물(H),K Market,1X,5900.0,10276,60000000.0,,,,-3.1199,,,
797,0190M0,KIWOOM 미국AI테크하이베타,K Market,1X,8380.0,7004,60000000.0,,,,-29.7864,,,
798,432840,HANARO 미국S&P500,K Market,1X,19715.0,3026,59000000.0,,,,-7.0203,,,
799,261110,TIGER 미국달러선물레버리지,K Market,2X,16010.0,3707,59000000.0,5.4,6.34,-0.25,-18.69,-13.88,2.1,26.58
800,0051A0,KoAct 브로드컴밸류체인액티브,K Market,1X,23685.0,2447,59000000.0,,,,-19.219,,,
801,0172Y0,ACE K수출핵심TOP10산업액티브,K Market,1X,9470.0,6361,59000000.0,,,,-21.6709,,,
802,0162M0,KODEX 금융채1~2년(AA-이상)PLUS액티브,K Market,1X,10055.0,5867,58000000.0,,,,0.8525,,,
803,499150,SOL 미국S&P500엔화노출(H),K Market,1X,10930.0,5323,58000000.0,,,,-5.5597,,,
804,307510,TIGER 의료기기,K Market,1X,11925.0,4881,58000000.0,,,,-17.3517,,,
805,454320,HANARO CAPEX설비투자iSelect,K Market,1X,43590.0,1326,57000000.0,,,,-13.9728,,,
806,301400,PLUS 코스닥150,K Market,1X,13915.0,4046,57000000.0,,,,-21.3842,,,
807,375760,HANARO 탄소효율그린뉴딜,K Market,1X,24575.0,2321,57000000.0,,,,-23.0045,,,
808,494420,PLUS 미국배당증가성장주데일리커버드콜,K Market,1X,8745.0,6476,56000000.0,,,,-11.0928,,,
809,0152E0,SOL 배당성향탑픽액티브,K Market,1X,10700.0,5170,55000000.0,,,,-8.965,,,
810,328370,PLUS 코스피TR,K Market,1X,38595.0,1406,55000000.0,,,,-24.3977,,,
811,114460,ACE 국고채3년,K Market,1X,99860.0,550,54000000.0,,,,0.0831,,,
812,304780,HANARO 200선물레버리지,K Market,2X,128815.0,417,53000000.0,11.66,0.52,1.37,-51.79,28.88,357.2,589.77
813,453630,KODEX 미국S&P500필수소비재,K Market,1X,12145.0,4431,53000000.0,,,,-9.357,,,
814,0015F0,KIWOOM 팔란티어미국30년국채혼합액티브(H),K Market,1X,10495.0,4903,51000000.0,,,,4.2743,,,
815,341850,TIGER 리츠부동산인프라채권,K Market,1X,4550.0,11050,50000000.0,,,,-2.0059,,,
816,239660,PLUS 우량회사채50,K Market,1X,121750.0,411,50000000.0,,,,0.6073,,,
817,0176P0,FOCUS AI반도체위클리고정커버드콜,K Market,1X,13100.0,3636,49000000.0,,,,-23.7953,,,
818,437070,KODEX 아시아달러채권ESG플러스액티브,K Market,1X,58810.0,837,49000000.0,,,,-10.6986,,,
819,466810,BNK 2차전지양극재,K Market,1X,5840.0,8601,49000000.0,,,,-13.4815,,,
820,480260,TIGER 27-04회사채(A+이상)액티브,K Market,1X,53860.0,901,48000000.0,,,,0.6823,,,
821,387280,TIGER 퓨처모빌리티액티브,K Market,1X,11520.0,4098,47000000.0,,,,-23.5568,,,
822,226980,KODEX 200 중소형,K Market,1X,22990.0,2040,46000000.0,,,,-10.833,,,
823,325010,KODEX 성장주,K Market,1X,43510.0,1060,46000000.0,,,,-24.475,,,
824,332930,HANARO 200TR,K Market,1X,143465.0,320,46000000.0,,,,-25.066,,,
825,487910,ACE 인도컨슈머파워액티브,K Market,1X,8155.0,5729,46000000.0,,,,-11.0688,,,
826,0088N0,WON K-글로벌수급상위,K Market,1X,10940.0,4131,45000000.0,,,,-16.9955,,,
827,410870,TIME K컬처액티브,K Market,1X,9135.0,4977,45000000.0,,,,-16.1927,,,
828,412770,TIGER 글로벌AI플랫폼액티브,K Market,1X,12535.0,3603,45000000.0,,,,-25.298,,,
829,0154H0,KoAct 차이나바이오헬스케어액티브,K Market,1X,8920.0,4892,45000000.0,,,,15.9947,,,
830,0191S0,IBK 코스닥150,K Market,1X,14000.0,3219,45000000.0,,,,-21.282,,,
831,0007G0,PLUS 글로벌원자력밸류체인,K Market,1X,13125.0,3432,44000000.0,,,,-19.3301,,,
832,461580,TIGER 코스닥글로벌,K Market,1X,15275.0,2916,44000000.0,,,,-20.089,,,
833,275980,TIGER 글로벌4차산업혁신기술(합성 H),K Market,1X,23310.0,1910,44000000.0,,,,-4.1924,,,
834,248270,TIGER S&P글로벌헬스케어(합성),K Market,1X,26180.0,1680,43000000.0,,,,-0.2667,,,
835,419650,PLUS 글로벌수소&차세대연료전지,K Market,1X,5045.0,8734,43000000.0,,,,-23.734,,,
836,0087F0,ACE 차이나AI빅테크TOP2+액티브,K Market,1X,11580.0,3656,43000000.0,,,,-16.4201,,,
837,457690,KODEX 33-06 국고채액티브,K Market,1X,10425.0,4184,43000000.0,,,,-0.8088,,,
838,289260,TIGER MSCI KOREA ESG리더스,K Market,1X,29035.0,1422,42000000.0,,,,-20.7885,,,
839,0174R0,KIWOOM 미국성장다우존스,K Market,1X,11400.0,3705,42000000.0,,,,-4.5583,,,
840,461340,HANARO 글로벌생성형AI액티브,K Market,1X,43215.0,970,42000000.0,,,,-13.2752,,,
841,0191B0,MIDAS 코스닥액티브,K Market,1X,29770.0,1397,42000000.0,,,,-21.16,,,
842,131890,ACE 삼성그룹동일가중,K Market,1X,39615.0,1074,42000000.0,,,,-14.4108,,,
843,322410,HANARO K고배당,K Market,1X,22890.0,1822,41000000.0,,,,-1.5523,,,
844,0115C0,RISE 미국고배당다우존스TOP10,K Market,1X,10890.0,3811,41000000.0,,,,-6.5348,,,
845,455960,RISE 미국달러SOFR금리액티브(합성),K Market,1X,12130.0,3392,41000000.0,,,,-8.1409,,,
846,0047R0,RISE 팔란티어고정테크100,K Market,1X,15440.0,2649,40000000.0,,,,0.5913,,,
847,261120,TIGER 미국달러선물인버스2X,K Market,-2X,5285.0,7611,40000000.0,-5.03,-5.88,0.28,22.76,15.77,-2.58,-20.01
848,200030,KODEX 미국S&P500산업재(합성),K Market,1X,40380.0,984,40000000.0,,,,-15.0789,,,
849,140710,KODEX 운송,K Market,1X,6555.0,5885,38000000.0,,,,1.059,,,
850,463640,KODEX 미국S&P500유틸리티,K Market,1X,13380.0,2811,37000000.0,,,,-14.4305,,,
851,407830,에셋플러스 글로벌플랫폼액티브,K Market,1X,14495.0,2579,37000000.0,,,,-14.3322,,,
852,435540,KIWOOM TDF2040액티브 적격,K Market,1X,17245.0,2185,37000000.0,,,,-9.272,,,
853,0016X0,SOL 중단기회사채(A-이상)액티브,K Market,1X,51490.0,737,37000000.0,,,,0.7829,,,
854,138230,KIWOOM 미국달러선물,K Market,1X,16210.0,2304,37000000.0,,,,-8.7789,,,
855,438570,SOL 국고채10년,K Market,1X,97450.0,374,36000000.0,,,,-1.5657,,,
856,0227K0,RISE 미국우주위성통신,K Market,1X,9325.0,3893,36000000.0,,,,,,,
857,269420,KODEX S&P글로벌인프라(합성),K Market,1X,21645.0,1677,36000000.0,,,,-13.7478,,,
858,225800,KIWOOM 미국달러선물레버리지,K Market,2X,15060.0,2384,36000000.0,5.68,6.43,-0.56,-18.62,-14.26,1.54,25.24
859,105010,TIGER 라틴35,K Market,1X,6470.0,5478,35000000.0,,,,-6.5348,,,
860,458030,WON 국공채머니마켓액티브,K Market,1X,55110.0,642,35000000.0,,,,0.7035,,,
861,414270,ACE 글로벌자율주행액티브,K Market,1X,11650.0,3069,35000000.0,,,,-17.0819,,,
862,100910,KIWOOM KRX100,K Market,1X,17125.0,1984,34000000.0,,,,-26.3926,,,
863,435550,KIWOOM TDF2050액티브 적격,K Market,1X,17745.0,1938,34000000.0,,,,-9.5114,,,
864,0013P0,RISE 미국은행TOP10,K Market,1X,12390.0,2784,34000000.0,,,,-10.2068,,,
865,459560,KODEX 테슬라밸류체인FactSet,K Market,1X,21870.0,1532,33000000.0,,,,-18.9261,,,
866,453060,HANARO KOFR금리액티브(합성),K Market,1X,111585.0,301,33000000.0,,,,0.713,,,
867,245360,TIGER 차이나HSCEI,K Market,1X,12040.0,2746,33000000.0,,,,-5.1772,,,
868,0222F0,마이티 AI데이터센터밸류체인,K Market,1X,13095.0,2606,33000000.0,,,,,,,
869,387270,TIGER 글로벌이노베이션액티브,K Market,1X,25455.0,1269,32000000.0,,,,-19.8142,,,
870,266390,KODEX 경기소비재,K Market,1X,14850.0,2185,32000000.0,,,,-13.3294,,,
871,253240,KIWOOM 200선물인버스,K Market,-1X,1266.0,25468,32000000.0,-5.73,-1.33,-2.99,16.79,-37.79,-71.74,-78.34
872,213630,PLUS 미국다우존스고배당주(합성 H),K Market,1X,20810.0,1550,32000000.0,,,,3.4808,,,
873,139280,TIGER 경기방어,K Market,1X,12165.0,2580,31000000.0,,,,-1.2155,,,
874,483020,KIWOOM 의료AI,K Market,1X,8915.0,3558,31000000.0,,,,-11.9941,,,
875,487950,KODEX 대만테크고배당다우존스,K Market,1X,13230.0,2344,31000000.0,,,,-9.124,,,
876,498050,HANARO 바이오코리아액티브,K Market,1X,9895.0,3194,31000000.0,,,,-21.4683,,,
877,0067Y0,TIGER 차이나AI소프트웨어,K Market,1X,10010.0,3147,31000000.0,,,,-26.1528,,,
878,0113G0,KoAct 미국바이오헬스케어액티브,K Market,1X,11520.0,2806,31000000.0,,,,7.4125,,,
879,413220,SOL 차이나태양광CSI(합성),K Market,1X,4435.0,7028,31000000.0,,,,-27.6509,,,
880,400570,KODEX 유럽탄소배출권선물ICE(H),K Market,1X,11800.0,2638,31000000.0,,,,6.9809,,,
881,245350,TIGER 유로스탁스배당30,K Market,1X,19495.0,1581,30000000.0,,,,-3.1976,,,
882,456250,KODEX 유럽명품TOP10 STOXX,K Market,1X,8165.0,3845,30000000.0,,,,-19.2765,,,
883,461900,PLUS 미국테크TOP10,K Market,1X,22850.0,1336,30000000.0,,,,-2.9724,,,
884,332620,PLUS 미국장기우량회사채,K Market,1X,88150.0,345,30000000.0,,,,-13.3627,,,
885,381560,HANARO Fn전기&수소차,K Market,1X,17385.0,1721,29000000.0,,,,-22.1754,,,
886,486240,DAISHIN AI반도체&인프라액티브,K Market,1X,29200.0,1001,29000000.0,,,,-24.4013,,,
887,292160,TIGER KRX300,K Market,1X,48315.0,607,29000000.0,,,,-25.4414,,,
888,435040,ACE 글로벌브랜드TOP10,K Market,1X,19200.0,1562,29000000.0,,,,-6.9018,,,
889,253290,RISE 헬스케어채권혼합,K Market,1X,11390.0,2455,28000000.0,,,,-4.9249,,,
890,0127T0,KIWOOM 미국S&P500&배당다우존스비중전환,K Market,1X,11040.0,2610,28000000.0,,,,-5.8305,,,
891,417450,RISE 글로벌수소경제,K Market,1X,16200.0,1739,28000000.0,,,,-16.3275,,,
892,388280,RISE K엔터&여행레저,K Market,1X,7000.0,3870,27000000.0,,,,-20.635,,,
893,183710,RISE 주식혼합,K Market,1X,93265.0,290,27000000.0,,,,-19.81,,,
894,488480,RISE 일본섹터TOP4Plus,K Market,1X,13085.0,1995,26000000.0,,,,-7.9815,,,
895,0229F0,마이티 신약포커스바이오액티브,K Market,1X,8265.0,3207,26000000.0,,,,,,,
896,105780,RISE 5대그룹주,K Market,1X,16310.0,1570,26000000.0,,,,-28.3077,,,
897,385520,KODEX 자율주행액티브,K Market,1X,15655.0,1707,26000000.0,,,,-23.6528,,,
898,487920,ACE 인도시장대표BIG5그룹액티브,K Market,1X,7690.0,3374,26000000.0,,,,-13.0583,,,
899,0086C0,TIGER 리츠부동산인프라10채권혼합액티브,K Market,1X,9760.0,2667,26000000.0,,,,-2.8676,,,
900,0005C0,RISE 미국S&P500엔화노출(합성 H),K Market,1X,11365.0,2210,25000000.0,,,,-5.2522,,,
901,495040,PLUS 코리아밸류업,K Market,1X,31865.0,753,24000000.0,,,,-22.9643,,,
902,0015E0,KIWOOM 엔비디아미국30년국채혼합액티브(H),K Market,1X,10465.0,2336,24000000.0,,,,-2.7322,,,
903,419420,KODEX 미국클린에너지나스닥,K Market,1X,8705.0,2779,24000000.0,,,,-28.725,,,
904,0028X0,KODEX 미국금융테크액티브,K Market,1X,11350.0,2200,24000000.0,,,,-1.6548,,,
905,0203D0,PLUS 200위클리커버드콜채권혼합,K Market,1X,8995.0,2685,24000000.0,,,,-12.7405,,,
906,099140,KODEX 차이나H,K Market,1X,20865.0,1156,24000000.0,,,,-4.8928,,,
907,395150,KODEX 웹툰&드라마,K Market,1X,1827.0,12961,23000000.0,,,,-8.8779,,,
908,159800,마이티 코스피100,K Market,1X,87000.0,270,23000000.0,,,,-25.9071,,,
909,376410,TIGER 탄소효율그린뉴딜,K Market,1X,24485.0,925,23000000.0,,,,-23.6209,,,
910,0112X0,마이티 200TR,K Market,1X,41290.0,527,22000000.0,,,,-25.0976,,,
911,0139F0,TIGER 12월자동연장금융채(AA-이상)액티브,K Market,1X,102255.0,221,22000000.0,,,,0.8282,,,
912,0002C0,에셋플러스 인도일등기업포커스20액티브,K Market,1X,10180.0,2243,22000000.0,,,,-3.1399,,,
913,489290,WON 미국빌리어네어,K Market,1X,15070.0,1480,22000000.0,,,,-6.1352,,,
914,483570,KCGI 미국S&P500 TOP10,K Market,1X,16055.0,1389,22000000.0,,,,-4.0634,,,
915,493420,SOL 미국배당다우존스2호,K Market,1X,12535.0,1832,22000000.0,,,,-3.9245,,,
916,276000,TIGER 글로벌자원생산기업(합성 H),K Market,1X,21240.0,1055,22000000.0,,,,8.8672,,,
917,489860,KIWOOM 글로벌전력GRID인프라,K Market,1X,14645.0,1487,22000000.0,,,,-17.2404,,,
918,396510,TIGER 차이나클린에너지SOLACTIVE,K Market,1X,6985.0,3154,22000000.0,,,,-22.6039,,,
919,250730,RISE 차이나HSCEI(H),K Market,1X,9680.0,2310,22000000.0,,,,3.4188,,,
920,461600,SOL 미국30년국채액티브(H),K Market,1X,8295.0,2544,21000000.0,,,,-5.0373,,,
921,300640,RISE 게임테마,K Market,1X,6315.0,3483,21000000.0,,,,-6.6519,,,
922,469790,KIWOOM 코리아테크TOP10,K Market,1X,42755.0,484,21000000.0,,,,-28.1044,,,
923,166400,TIGER 200커버드콜OTM,K Market,1X,24750.0,812,20000000.0,,,,0.0989,,,
924,400580,SOL 유럽탄소배출권선물S&P(H),K Market,1X,12110.0,1653,20000000.0,,,,7.6444,,,
925,476310,RISE 글로벌비만산업TOP2+,K Market,1X,9525.0,2138,20000000.0,,,,-7.0402,,,
926,0226D0,FOCUS 금융반도체지주채권혼합50액티브,K Market,1X,10165.0,2027,20000000.0,,,,,,,
927,411860,KIWOOM 독일DAX,K Market,1X,16675.0,1252,20000000.0,,,,-7.0115,,,
928,445910,TIGER MKF배당귀족,K Market,1X,20545.0,973,19000000.0,,,,-4.7168,,,
929,230480,KIWOOM 미국달러선물인버스2X,K Market,-2X,4605.0,4313,19000000.0,-5.64,-6.21,0.33,22.47,14.84,-3.76,-21.88
930,0128D0,PLUS 차이나항셍테크위클리타겟커버드콜,K Market,1X,6650.0,2919,19000000.0,,,,-13.2979,,,
931,0092C0,SOL 27-12 회사채(AA-이상)액티브,K Market,1X,50300.0,380,19000000.0,,,,0.7511,,,
932,381570,HANARO Fn친환경에너지,K Market,1X,10150.0,1944,19000000.0,,,,-15.7677,,,
933,497510,ACE 글로벌빅파마,K Market,1X,12870.0,1526,19000000.0,,,,-1.7767,,,
934,354240,RISE 미국고정배당우선증권,K Market,1X,10470.0,1810,18000000.0,,,,-12.7864,,,
935,0093B0,RISE 엔비디아고정테크100,K Market,1X,12685.0,1423,18000000.0,,,,-6.4486,,,
936,453820,KODEX 인도Nifty50레버리지(합성),K Market,2X,10800.0,1681,18000000.0,5.01,0.0,-7.49,-25.9,-20.65,-31.88,-6.53
937,404540,TIGER KRX기후변화솔루션,K Market,1X,24025.0,760,18000000.0,,,,-19.5755,,,
938,450190,KODEX 한중반도체(합성),K Market,1X,50010.0,369,18000000.0,,,,-26.4505,,,
939,277540,ACE 아시아TOP50,K Market,1X,32545.0,557,18000000.0,,,,-14.7926,,,
940,280940,KODEX 골드선물인버스(H),K Market,-1X,3440.0,5383,18000000.0,-0.72,0.73,3.3,-4.71,10.43,-18.68,-51.52
941,332610,PLUS 미국단기회사채(AAA~A),K Market,1X,125530.0,150,18000000.0,,,,-9.0296,,,
942,225030,TIGER 미국S&P500선물인버스(H),K Market,-1X,2265.0,7752,17000000.0,-0.44,0.89,0.22,-1.52,-12.88,-13.25,-36.13
943,269370,TIGER S&P글로벌인프라(합성),K Market,1X,16570.0,1034,17000000.0,,,,-14.1328,,,
944,291620,KIWOOM 코스닥150선물인버스,K Market,-1X,4280.0,4052,17000000.0,-3.6,-0.7,-2.73,10.03,16.78,-28.67,-33.18
945,488200,KIWOOM K-2차전지북미공급망,K Market,1X,12590.0,1286,16000000.0,,,,-16.7639,,,
946,460660,RISE 미국S&P배당킹,K Market,1X,11600.0,1465,16000000.0,,,,-6.2729,,,
947,417630,TIGER KEDI혁신기업ESG30,K Market,1X,19305.0,858,16000000.0,,,,-14.2953,,,
948,223190,KODEX 200가치저변동,K Market,1X,27550.0,580,16000000.0,,,,-16.1401,,,
949,0226G0,WON 피지컬AI TOP2플러스액티브,K Market,1X,12090.0,1342,16000000.0,,,,,,,
950,0123S0,HANARO 26-12 은행채(AA+이상)액티브,K Market,1X,10195.0,1631,16000000.0,,,,0.6416,,,
951,0138D0,RISE 동학개미,K Market,1X,12640.0,1294,16000000.0,,,,-25.5376,,,
952,238670,PLUS 스마트베타Quality채권혼합,K Market,1X,13535.0,1264,16000000.0,,,,0.2592,,,
953,364690,KODEX 혁신기술테마액티브,K Market,1X,38765.0,412,16000000.0,,,,-27.8081,,,
954,0094L0,RISE 차이나테크TOP10위클리타겟커버드콜,K Market,1X,7140.0,2285,16000000.0,,,,-14.9094,,,
955,0001P0,마이티 바이오시밀러&CDMO액티브,K Market,1X,8520.0,1986,16000000.0,,,,-16.0592,,,
956,181480,ACE 미국부동산리츠(합성 H),K Market,1X,82210.0,189,15000000.0,,,,-1.3803,,,
957,477730,KODEX 인도타타그룹,K Market,1X,7170.0,2161,15000000.0,,,,-13.8946,,,
958,236350,TIGER 인도니프티50레버리지(합성),K Market,2X,25420.0,618,15000000.0,4.76,-1.57,-9.2,-28.23,-24.54,-34.04,-9.28
959,399580,RISE 글로벌클린에너지,K Market,1X,9470.0,1669,15000000.0,,,,-20.6865,,,
960,289670,PLUS 국채선물10년,K Market,1X,51675.0,292,15000000.0,,,,-1.5996,,,
961,204450,KODEX 차이나H레버리지(H),K Market,2X,2235.0,6667,14000000.0,0.45,-3.46,-7.45,6.68,-13.54,-24.37,11.75
962,196030,ACE 일본TOPIX레버리지(H),K Market,2X,90325.0,165,14000000.0,3.07,-1.05,2.19,-0.52,28.7,68.53,200.78
963,391600,ACE 미국친환경그린테마,K Market,1X,10365.0,1422,14000000.0,,,,-18.3859,,,
964,404650,SOL KRX기후변화솔루션,K Market,1X,23880.0,594,14000000.0,,,,-20.1545,,,
965,0067V0,TIGER 차이나글로벌리더스TOP3+,K Market,1X,9325.0,1542,14000000.0,,,,-17.1112,,,
966,237440,TIGER 경기방어채권혼합,K Market,1X,10080.0,1368,13000000.0,,,,-1.7065,,,
967,0091M0,HANARO 27-06 회사채(AA-이상)액티브,K Market,1X,10160.0,1316,13000000.0,,,,0.5442,,,
968,0007N0,아이엠에셋 200,K Market,1X,109935.0,117,13000000.0,,,,-25.5685,,,
969,473440,ACE 11월만기자동연장회사채AA-이상액티브,K Market,1X,10855.0,1180,12000000.0,,,,0.7892,,,
970,0050E0,PLUS 미국AI에이전트,K Market,1X,8350.0,1569,12000000.0,,,,1.458,,,
971,0153P0,ACE 리츠부동산인프라액티브,K Market,1X,9485.0,1349,12000000.0,,,,-0.9491,,,
972,428560,KODEX 미국ETF산업Top10 Indxx,K Market,1X,15365.0,813,12000000.0,,,,-5.3915,,,
973,375770,KODEX 탄소효율그린뉴딜,K Market,1X,24810.0,483,12000000.0,,,,-23.7152,,,
974,0017Y0,1Q 종합채권(AA-이상)액티브,K Market,1X,93760.0,135,12000000.0,,,,-0.9508,,,
975,150460,TIGER 중국소비테마,K Market,1X,7425.0,1699,12000000.0,,,,1.8518,,,
976,0082F0,HANARO 유럽방산,K Market,1X,10215.0,1239,12000000.0,,,,-6.5417,,,
977,448490,HANARO 32-10 국고채액티브,K Market,1X,52475.0,245,12000000.0,,,,-1.4092,,,
978,152380,KODEX 국채선물10년,K Market,1X,64360.0,200,12000000.0,,,,-1.6654,,,
979,354350,HANARO 글로벌럭셔리S&P(합성),K Market,1X,18300.0,696,12000000.0,,,,-17.882,,,
980,227560,TIGER 200 생활소비재,K Market,1X,12550.0,995,12000000.0,,,,-0.2317,,,
981,463300,RISE 중국본토CSI300,K Market,1X,12975.0,873,11000000.0,,,,-15.6155,,,
982,306520,HANARO 200선물인버스,K Market,-1X,2305.0,4804,11000000.0,-5.34,-0.65,-2.33,16.65,-37.53,-71.26,-77.89
983,407310,HANARO 200 TOP10,K Market,1X,16740.0,662,11000000.0,,,,-20.4013,,,
984,227570,TIGER 우량가치,K Market,1X,20995.0,573,11000000.0,,,,-0.0952,,,
985,367740,HANARO Fn5G산업,K Market,1X,42575.0,258,11000000.0,,,,-20.3536,,,
986,438740,MIDAS 중소형액티브,K Market,1X,33815.0,332,11000000.0,,,,-17.9248,,,
987,0094X0,1Q 샤오미밸류체인액티브,K Market,1X,8305.0,1250,10000000.0,,,,-10.0427,,,
988,195920,TIGER 일본TOPIX(합성 H),K Market,1X,35105.0,296,10000000.0,,,,0.0142,,,
989,279540,KODEX 최소변동성,K Market,1X,20895.0,515,10000000.0,,,,-18.9874,,,
990,314700,HANARO 농업융복합산업,K Market,1X,10655.0,1020,10000000.0,,,,-9.9473,,,
991,0102X0,ACE 유럽방산TOP10,K Market,1X,9155.0,1145,10000000.0,,,,-6.7122,,,
992,0068M0,KODEX 미국S&P500버퍼6월액티브,K Market,1X,11715.0,886,10000000.0,,,,-7.208,,,
993,0189Z0,DAISHIN 금융&지주고배당,K Market,1X,10315.0,982,10000000.0,,,,0.5473,,,
994,475280,ACE 8월만기자동연장회사채AA-이상액티브,K Market,1X,10735.0,1015,10000000.0,,,,0.6091,,,
995,446700,RISE 배터리 리사이클링,K Market,1X,10365.0,1073,10000000.0,,,,-9.7912,,,
996,0000H0,KODEX 인도Nifty미드캡100,K Market,1X,10125.0,1041,10000000.0,,,,-12.5198,,,
997,371150,RISE 차이나항셍테크,K Market,1X,6510.0,1487,9000000.0,,,,-13.0252,,,
998,497520,ACE 일라이릴리밸류체인,K Market,1X,12985.0,697,9000000.0,,,,2.2038,,,
999,463690,KODEX 미국S&P500커뮤니케이션,K Market,1X,17950.0,524,9000000.0,,,,-7.0797,,,
1000,252410,RISE 200선물인버스,K Market,-1X,1270.0,7808,9000000.0,-5.58,-1.55,-1.93,15.77,-38.65,-71.43,-78.03
1001,0079X0,ACE BYD밸류체인액티브,K Market,1X,9610.0,950,9000000.0,,,,-18.9372,,,
1002,0099L0,ACE 우량회사채(AA-이상)액티브,K Market,1X,99490.0,94,9000000.0,,,,0.5152,,,
1003,481430,RISE 국고채10년액티브,K Market,1X,97290.0,95,9000000.0,,,,-1.8116,,,
1004,483030,KIWOOM 미국블록버스터바이오테크의약품+,K Market,1X,11740.0,784,9000000.0,,,,0.5375,,,
1005,0053M0,더제이 중소형포커스액티브,K Market,1X,12840.0,737,9000000.0,,,,-14.1712,,,
1006,0036Z0,RISE 미국천연가스밸류체인,K Market,1X,12535.0,782,9000000.0,,,,-4.0993,,,
1007,368680,KODEX K-뉴딜디지털플러스,K Market,1X,7750.0,1146,8000000.0,,,,-8.8653,,,
1008,449690,TIGER 한중반도체(합성),K Market,1X,50070.0,173,8000000.0,,,,-25.3467,,,
1009,390400,KODEX 미국스마트모빌리티S&P,K Market,1X,6870.0,1290,8000000.0,,,,-20.2408,,,
1010,419430,KODEX 차이나2차전지MSCI(합성),K Market,1X,8500.0,1014,8000000.0,,,,-29.2257,,,
1011,457700,KODEX 53-09 국고채액티브,K Market,1X,9105.0,949,8000000.0,,,,-5.7454,,,
1012,0089C0,KODEX 미국S&P500변동성확대시커버드콜,K Market,1X,11385.0,729,8000000.0,,,,-6.48,,,
1013,277650,TIGER 코스피중형주,K Market,1X,21225.0,341,7000000.0,,,,-9.6425,,,
1014,480460,WON 한국부동산TOP3플러스,K Market,1X,9090.0,787,7000000.0,,,,-3.6548,,,
1015,492500,1Q 현대차그룹채권(A+이상)&국고통안,K Market,1X,51315.0,155,7000000.0,,,,0.519,,,
1016,0015K0,TIGER 미국소비트렌드액티브,K Market,1X,6975.0,1113,7000000.0,,,,-8.7042,,,
1017,0073X0,FOCUS 알리바바미국채커버드콜혼합,K Market,1X,8870.0,825,7000000.0,,,,-11.0485,,,
1018,315270,TIGER 200커뮤니케이션서비스,K Market,1X,18690.0,395,7000000.0,,,,-12.5752,,,
1019,459750,RISE 글로벌주식분산액티브,K Market,1X,17735.0,424,7000000.0,,,,-8.1295,,,
1020,373790,KIWOOM 미국방어배당성장나스닥,K Market,1X,15385.0,484,7000000.0,,,,-6.3047,,,
1021,0131A0,SOL 차이나소비트렌드,K Market,1X,7430.0,1041,7000000.0,,,,-15.6641,,,
1022,0008E0,ACE 미국중심중소형제조업,K Market,1X,11570.0,529,6000000.0,,,,-25.379,,,
1023,108590,TREX 200,K Market,1X,108880.0,62,6000000.0,,,,-25.4532,,,
1024,269530,PLUS S&P글로벌인프라,K Market,1X,19395.0,323,6000000.0,,,,-13.9861,,,
1025,403790,MIDAS 코스피액티브,K Market,1X,57715.0,108,6000000.0,,,,-23.5816,,,
1026,322400,HANARO e커머스,K Market,1X,9600.0,639,6000000.0,,,,-16.3764,,,
1027,437370,RISE 글로벌농업경제,K Market,1X,10920.0,632,6000000.0,,,,0.6778,,,
1028,276650,RISE 글로벌테크놀로지(합성 H),K Market,1X,46750.0,135,6000000.0,,,,-0.7221,,,
1029,419890,KIWOOM 단기채권ESG액티브,K Market,1X,107490.0,60,6000000.0,,,,0.5848,,,
1030,433220,에셋플러스 글로벌대장장이액티브,K Market,1X,29075.0,221,6000000.0,,,,-20.0358,,,
1031,169950,KODEX 차이나A50,K Market,1X,25220.0,239,6000000.0,,,,-14.7973,,,
1032,404260,KODEX 기후변화솔루션,K Market,1X,23895.0,279,6000000.0,,,,-20.0464,,,
1033,0135Y0,IBK 중기종합채권(AA-이상)액티브,K Market,1X,100200.0,69,6000000.0,,,,0.2752,,,
1034,472720,TRUSTON 주주가치액티브,K Market,1X,25820.0,264,6000000.0,,,,-16.3048,,,
1035,275750,RISE 코스닥150선물인버스,K Market,-1X,2445.0,2148,5000000.0,-3.55,-1.01,-2.59,10.63,16.71,-27.66,-33.65
1036,451000,PLUS 종합채권(AA-이상)액티브,K Market,1X,107215.0,51,5000000.0,,,,-0.8692,,,
1037,429740,PLUS K리츠,K Market,1X,6130.0,940,5000000.0,,,,-3.6948,,,
1038,270800,RISE KQ고배당,K Market,1X,15580.0,353,5000000.0,,,,-7.6831,,,
1039,272910,ACE 중장기국공채액티브,K Market,1X,105735.0,55,5000000.0,,,,-0.0993,,,
1040,385710,TIME K이노베이션액티브,K Market,1X,10240.0,566,5000000.0,,,,-28.0899,,,
1041,291890,KODEX MSCI EM선물(H),K Market,1X,12320.0,408,5000000.0,,,,-4.0125,,,
1042,117690,TIGER 차이나항셍30,K Market,1X,19155.0,295,5000000.0,,,,-5.3841,,,
1043,429010,TIGER 미국나스닥넥스트100,K Market,1X,19400.0,213,4000000.0,,,,-9.6414,,,
1044,474920,에셋플러스 차이나일등기업포커스10액티브,K Market,1X,17860.0,254,4000000.0,,,,-12.7717,,,
1045,488290,MIDAS 일본테크액티브,K Market,1X,42980.0,96,4000000.0,,,,-27.1588,,,
1046,451600,PLUS 국고채30년액티브,K Market,1X,84255.0,50,4000000.0,,,,-6.0127,,,
1047,427120,RISE AI플랫폼,K Market,1X,5040.0,814,4000000.0,,,,-8.53,,,
1048,491630,RISE 미국반도체인버스(합성 H),K Market,-1X,5100.0,938,4000000.0,-7.27,-3.23,-5.38,11.35,-49.18,-66.38,
1049,373490,KODEX 코리아혁신성장액티브,K Market,1X,24965.0,184,4000000.0,,,,-26.0625,,,
1050,371870,ACE 차이나항셍테크,K Market,1X,6510.0,665,4000000.0,,,,-12.6761,,,
1051,0114X0,RISE 글로벌게임테크TOP3Plus,K Market,1X,9055.0,482,4000000.0,,,,6.9067,,,
1052,0214M0,MIDAS 바이오헬스케어액티브,K Market,1X,9515.0,428,4000000.0,,,,,,,
1053,461460,PLUS 국고채10년액티브,K Market,1X,50955.0,92,4000000.0,,,,-1.5553,,,
1054,304760,HANARO KRX300,K Market,1X,47750.0,64,3000000.0,,,,-23.89,,,
1055,291130,ACE MSCI멕시코(합성),K Market,1X,17585.0,200,3000000.0,,,,-12.8377,,,
1056,453660,KODEX 미국S&P500경기소비재,K Market,1X,16640.0,216,3000000.0,,,,-12.2924,,,
1057,289040,KODEX MSCI KOREA ESG유니버설,K Market,1X,33930.0,110,3000000.0,,,,-22.4358,,,
1058,261920,ACE MSCI필리핀(합성),K Market,1X,11880.0,330,3000000.0,,,,-16.0128,,,
1059,225060,TIGER 이머징마켓MSCI레버리지(합성 H),K Market,2X,16825.0,195,3000000.0,5.16,-2.63,1.23,-8.34,29.82,69.08,131.97
1060,452250,ACE 미국30년국채선물레버리지(합성 H),K Market,2X,4625.0,761,3000000.0,1.87,-1.91,-2.01,-10.71,-12.24,-16.18,-38.14
1061,442090,에셋플러스 코리아대장장이액티브,K Market,1X,30205.0,112,3000000.0,,,,-18.4311,,,
1062,0047N0,PLUS 차이나AI테크TOP10,K Market,1X,9300.0,329,3000000.0,,,,-13.7292,,,
1063,375270,RISE 글로벌데이터센터리츠(합성),K Market,1X,13580.0,276,3000000.0,,,,-20.3286,,,
1064,470310,UNICORN 생성형AI강소기업액티브,K Market,1X,17840.0,222,3000000.0,,,,-5.0307,,,
1065,0132D0,KoAct 글로벌K컬처밸류체인액티브,K Market,1X,9250.0,337,3000000.0,,,,-3.1921,,,
1066,295020,RISE 국채선물10년인버스,K Market,-1X,61150.0,59,3000000.0,-0.76,0.59,0.58,1.85,5.81,13.4,11.51
1067,220130,SOL 차이나강소기업CSI500(합성 H),K Market,1X,6870.0,557,3000000.0,,,,-8.0937,,,
1068,395280,HANARO Fn K-게임,K Market,1X,3365.0,1157,3000000.0,,,,-10.2667,,,
1069,139660,KIWOOM 미국달러선물인버스,K Market,-1X,8385.0,343,2000000.0,-2.67,-2.95,0.12,11.06,7.71,-0.24,-6.83
1070,402460,HANARO Fn K-메타버스MZ,K Market,1X,14230.0,197,2000000.0,,,,-19.1232,,,
1071,448570,FOCUS AI코리아액티브,K Market,1X,30005.0,76,2000000.0,,,,-17.907,,,
1072,253280,RISE 헬스케어,K Market,1X,11930.0,229,2000000.0,,,,-15.51,,,
1073,498610,RISE 인도디지털성장,K Market,1X,7955.0,326,2000000.0,,,,-7.3364,,,
1074,244670,KODEX 밸류Plus,K Market,1X,11615.0,215,2000000.0,,,,-0.9802,,,
1075,469530,RISE 미국달러선물인버스,K Market,-1X,9385.0,261,2000000.0,-2.85,-2.75,0.05,11.13,8.12,0.27,
1076,337150,KODEX 200exTOP,K Market,1X,25100.0,98,2000000.0,,,,-17.5422,,,
1077,140570,RISE 수출주,K Market,1X,25570.0,90,2000000.0,,,,-14.7809,,,
1078,429980,SOL 한국형글로벌전기차&2차전지액티브,K Market,1X,16685.0,127,2000000.0,,,,-22.0328,,,
1079,491700,HK 200,K Market,1X,110450.0,23,2000000.0,,,,-25.1517,,,
1080,494180,TIME 글로벌소비트렌드액티브,K Market,1X,13185.0,178,2000000.0,,,,-5.9894,,,
1081,0000Y0,HK 26-12 회사채(AA-이상)액티브,K Market,1X,102000.0,24,2000000.0,,,,0.7307,,,
1082,289250,TIGER MSCI KOREA ESG유니버설,K Market,1X,35005.0,69,2000000.0,,,,-23.7001,,,
1083,282000,RISE 국고채3년선물인버스,K Market,-1X,115360.0,18,2000000.0,-0.04,0.52,0.58,0.68,1.95,5.36,8.88
1084,459790,KIWOOM 미국성장기업30액티브,K Market,1X,20435.0,121,2000000.0,,,,-15.94,,,
1085,244620,KODEX 모멘텀Plus,K Market,1X,20430.0,78,1000000.0,,,,-22.4079,,,
1086,280320,ACE 미국IT인터넷(합성 H),K Market,1X,21650.0,52,1000000.0,,,,8.6302,,,
1087,395760,PLUS ESG성장주액티브,K Market,1X,21230.0,77,1000000.0,,,,-23.4542,,,
1088,491510,파워 K-주주가치액티브,K Market,1X,17680.0,80,1000000.0,,,,-5.0097,,,
1089,476000,UNICORN 포스트IPO액티브,K Market,1X,5040.0,224,1000000.0,,,,-30.959,,,
1090,219900,ACE 중국본토CSI300레버리지(합성),K Market,2X,4115.0,454,1000000.0,9.44,4.71,-3.4,-33.95,-15.76,6.33,31.01
1091,138920,KODEX 콩선물(H),K Market,1X,12855.0,119,1000000.0,,,,13.2599,,,
1092,426150,WON 대한민국국고채액티브,K Market,1X,51035.0,20,1000000.0,,,,-2.185,,,
1093,256450,PLUS 심천차이넥스트(합성),K Market,1X,14620.0,72,1000000.0,,,,-28.1926,,,
1094,435530,KIWOOM TDF2030액티브 적격,K Market,1X,15290.0,74,1000000.0,,,,-8.8787,,,
1095,0084D0,KIWOOM 미국테크100월간목표헤지액티브,K Market,1X,11300.0,160,1000000.0,,,,-12.182,,,
1096,252000,TIGER 200동일가중,K Market,1X,19490.0,90,1000000.0,,,,-7.8266,,,
1097,0098Z0,FOCUS 200,K Market,1X,93600.0,15,1000000.0,,,,-25.4591,,,
1098,0078V0,PLUS 미국로보택시,K Market,1X,9125.0,127,1000000.0,,,,-15.4702,,,
1099,474390,SOL 국고채30년액티브,K Market,1X,40300.0,49,1000000.0,,,,-6.5074,,,
1100,225050,TIGER 유로스탁스레버리지(합성 H),K Market,2X,15625.0,119,1000000.0,-2.44,-4.23,-6.3,-2.47,18.37,29.31,67.24
1101,316300,ACE 싱가포르리츠,K Market,1X,12465.0,159,1000000.0,,,,-12.1837,,,
1102,464240,KIWOOM 26-09회사채(AA-이상)액티브,K Market,1X,52055.0,35,1000000.0,,,,0.7107,,,
1103,439860,KODEX ESG종합채권(A-이상)액티브,K Market,1X,113500.0,11,1000000.0,,,,0.3226,,,
1104,368190,HANARO Fn K-뉴딜디지털플러스,K Market,1X,7610.0,135,1000000.0,,,,-10.2595,,,
1105,280920,PLUS 주도업종,K Market,1X,22905.0,45,1000000.0,,,,-25.2082,,,
1106,0203R0,WON 중단기종합채권(A-이상)액티브,K Market,1X,50415.0,30,1000000.0,,,,0.4983,,,
1107,0084E0,KIWOOM 미국대형주500월간목표헤지액티브,K Market,1X,10105.0,145,1000000.0,,,,-10.3961,,,
1108,304670,KODEX 미국30년국채울트라선물인버스(H),K Market,-1X,12470.0,89,1000000.0,-1.03,0.69,0.65,5.32,5.9,7.5,16.98
1109,400590,SOL 글로벌탄소배출권선물ICE(합성),K Market,1X,14095.0,89,1000000.0,,,,-7.3612,,,
1110,451670,RISE 국채30년레버리지(합성),K Market,2X,12000.0,74,888000.0,3.23,0.13,2.96,-10.65,-32.47,-50.71,-31.58
1111,465620,ACE 미국빅테크TOP7 Plus인버스(합성),K Market,-1X,6340.0,116,735440.0,-4.23,-3.13,-3.21,1.04,-15.07,-22.72,
1112,334700,RISE 팔라듐선물인버스(H),K Market,-1X,3295.0,161,530495.0,-0.6,5.61,2.01,-6.13,4.94,-30.75,-39.36
1113,292770,KODEX 국채선물3년인버스,K Market,-1X,58085.0,7,406595.0,0.09,0.54,0.68,0.82,2.16,5.56,9.62
1114,291680,RISE 차이나H선물인버스(H),K Market,-1X,7890.0,48,378720.0,-0.82,1.28,3.07,-4.01,1.02,4.96,-34.15
1115,167860,KIWOOM 국고채10년레버리지,K Market,2X,90760.0,3,272280.0,0.93,-1.32,-0.92,-1.92,-8.28,-18.02,-1.62
1116,205720,ACE 일본TOPIX인버스(합성 H),K Market,-1X,1455.0,82,119310.0,-0.82,0.69,-0.82,-1.29,-14.11,-28.61,-55.34
1117,267490,RISE 미국장기국채선물레버리지(합성 H),K Market,2X,4915.0,15,73725.0,2.4,-1.9,-1.31,-7.09,-10.15,-14.04,-26.4
1118,0193M0,BNK 27-12 특수채(AAA이상)액티브,K Market,1X,50375.0,2,0.0,,,,0.6694,,,
1119,281990,RISE 중소형고배당,K Market,1X,17625.0,42,0.0,,,,-1.0186,,,
1120,451150,에셋플러스 글로벌영에이지액티브,K Market,1X,17125.0,8,0.0,,,,-10.7143,,,
1121,454780,KIWOOM 종합채권(AA-이상)액티브,K Market,1X,99385.0,4,0.0,,,,-0.9321,,,
1122,0191W0,HANARO 중기종합채권(A-이상)액티브,K Market,1X,100795.0,0,0.0,,,,0.4434,,,
1123,337120,KODEX 멀티팩터,K Market,1X,34670.0,14,0.0,,,,-24.7466,,,
1124,265690,ACE 러시아MSCI(합성),K Market,1X,8535.0,0,0.0,,,,,,,
1125,104520,KIWOOM 블루칩,K Market,1X,14560.0,57,0.0,,,,-11.5713,,,
1126,234310,RISE V&S셀렉트밸류,K Market,1X,28005.0,17,0.0,,,,-16.095,,,
1127,244660,KODEX 퀄리티Plus,K Market,1X,9225.0,48,0.0,,,,-2.0629,,,
1128,272570,RISE 중장기국공채액티브,K Market,1X,107475.0,4,0.0,,,,-0.1997,,,
1129,321410,KODEX 멀티에셋하이인컴(H),K Market,1X,10490.0,4,0.0,,,,-1.5398,,,
1130,226380,ACE Fn성장소비주도주,K Market,1X,5700.0,20,0.0,,,,-2.8133,,,
1131,310080,RISE 중국MSCI China(H),K Market,1X,9020.0,75,0.0,,,,-0.5513,,,
1132,472920,HK 종합채권(AA-이상)액티브,K Market,1X,97915.0,0,0.0,,,,-1.096,,,
1133,461500,HANARO 종합채권(AA-이상)액티브,K Market,1X,104805.0,9,0.0,,,,-0.9077,,,
1134,445690,BNK 주주가치액티브,K Market,1X,30650.0,11,0.0,,,,-16.994,,,
1135,496130,TRUSTON 코리아밸류업액티브,K Market,1X,25215.0,16,0.0,,,,-24.8324,,,
1136,498180,파워 종합채권(AA-이상)액티브,K Market,1X,93155.0,2,0.0,,,,-1.0306,,,
1137,391670,HK 베스트일레븐액티브,K Market,1X,28675.0,24,0.0,,,,-28.4899,,,
1138,363510,SOL KIS단기통안채,K Market,1X,112275.0,3,0.0,,,,0.5642,,,
1139,140580,RISE 우량업종대표주,K Market,1X,23915.0,20,0.0,,,,-17.1632,,,
1140,0026E0,KODEX 미국S&P500버퍼3월액티브,K Market,1X,11760.0,29,0.0,,,,-5.807,,,
1141,0113P0,HK 머니마켓액티브,K Market,1X,102555.0,0,0.0,,,,0.7961,,,
1142,0218K0,BNK 스마트카,K Market,1X,10435.0,35,0.0,,,,,,,
1143,285690,FOCUS ESG리더스,K Market,1X,21515.0,2,0.0,,,,-15.2119,,,
1144,122260,KIWOOM 통안채1년,K Market,1X,104240.0,3,0.0,,,,0.5692,,,
1145,462340,에셋플러스 글로벌다이나믹시니어액티브,K Market,1X,16490.0,10,0.0,,,,-0.9313,,,
1146,182490,TIGER 단기선진하이일드(합성 H),K Market,1X,13770.0,68,0.0,,,,-0.5058,,,
1147,145850,TREX 펀더멘탈 200,K Market,1X,117290.0,5,0.0,,,,-16.0006,,,
1148,457930,BNK 미래전략기술액티브,K Market,1X,27905.0,15,0.0,,,,-19.0339,,,
1149,449680,TIGER 한중전기차(합성),K Market,1X,10110.0,41,0.0,,,,-25.4425,,,
1150,0052T0,1Q 중단기회사채(A-이상)액티브,K Market,1X,50730.0,0,0.0,,,,0.7247,,,
1151,215620,HK S&P코리아로우볼,K Market,1X,16070.0,1,0.0,,,,-1.0468,,,
1152,189400,PLUS 글로벌MSCI(합성 H),K Market,1X,25710.0,18,0.0,,,,-0.1283,,,
1153,450180,KODEX 한중전기차(합성),K Market,1X,10265.0,27,0.0,,,,-26.1511,,,
1154,456200,PLUS 미국달러SOFR금리액티브(합성),K Market,1X,60070.0,4,0.0,,,,-8.409,,,
1155,0166T0,PLUS 글로벌저작권핵심기업액티브,K Market,1X,9450.0,33,0.0,,,,-5.9702,,,
1156,475260,ACE 2월만기자동연장회사채AA-이상액티브,K Market,1X,10765.0,77,0.0,,,,0.8903,,,
1157,0141T0,SOL 중기종합채권(AA-이상)액티브,K Market,1X,50205.0,4,0.0,,,,0.3197,,,
1158,407300,HANARO Fn골프테마,K Market,1X,10400.0,2,0.0,,,,-22.4532,,,
1159,401590,HANARO 글로벌탄소배출권선물ICE(합성),K Market,1X,11340.0,13,0.0,,,,-6.281,,,
1160,433250,UNICORN R&D 액티브,K Market,1X,23400.0,4,0.0,,,,-24.4431,,,
1161,326230,RISE 내수주플러스,K Market,1X,10895.0,66,0.0,,,,-9.1705,,,
1162,432600,RISE 국채선물3년,K Market,1X,55170.0,4,0.0,,,,0.2452,,,
1163,267450,RISE 미국장기국채선물인버스(H),K Market,-1X,11250.0,0,0.0,-1.19,0.63,1.35,5.34,4.55,4.85,11.29
1164,436140,SOL 종합채권(AA-이상)액티브,K Market,1X,105970.0,5,0.0,,,,-1.0182,,,
1165,336160,RISE 금융채액티브,K Market,1X,99970.0,6,0.0,,,,0.1985,,,
1166,475270,ACE 5월만기자동연장회사채AA-이상액티브,K Market,1X,10745.0,4,0.0,,,,0.6557,,,
1167,0191M0,마이티 5월만기자동연장특수채(AAA)액티브,K Market,1X,100815.0,0,0.0,,,,0.6338,,,
1168,267440,RISE 미국장기국채선물(H),K Market,1X,8010.0,90,0.0,,,,-2.614,,,
1169,295000,RISE 국채선물10년,K Market,1X,50970.0,14,0.0,,,,-1.5929,,,
1170,266550,PLUS 중형주저변동50,K Market,1X,18525.0,1,0.0,,,,-5.3882,,,
1171,454180,KIWOOM 차이나내수소비TOP CSI,K Market,1X,7365.0,136,0.0,,,,-6.3055,,,
1,QQQ,Invesco QQQ Trust (나스닥100),US Market,1X,735.92,15596961,11478115539.12,3.77,2.36,3.52,-0.28,26.73,24.21,
2,SPY,SPDR S&P 500 ETF Trust,US Market,1X,769.24,13573630,10441379141.2,1.35,0.12,1.12,3.59,19.21,17.73,
3,SOXL,Direxion Daily Semiconductor Bull 3X (반도체 3X),US Market,3X,137.99,28066492,3872895231.08,36.45,17.66,12.91,-54.12,169.83,310.31,
4,TQQQ,ProShares UltraPro QQQ (나스닥100 3X),US Market,3X,77.29,24720479,1910645821.91,11.58,6.8,9.66,-6.19,80.12,54.07,
5,SMH,VanEck Semiconductor ETF (반도체 대표),US Market,1X,589.43,2890670,1703847618.1,8.85,3.95,4.76,-11.88,53.2,86.54,
6,SOXX,iShares Semiconductor ETF (반도체 지수),US Market,1X,553.62,2851630,1578719400.6,11.38,6.56,6.06,-15.42,66.69,107.57,
7,SOXS,Direxion Daily Semiconductor Bear 3X (반도체 -3X),US Market,-3X,36.73,40349822,1482048962.06,-29.0,-20.74,-20.58,12.6,-99.39,-99.77,
8,IWM,iShares Russell 2000 ETF (소형주),US Market,1X,285.56,4798874,1370366459.44,-0.56,-3.28,-3.82,-3.98,18.48,17.82,
9,VOO,Vanguard S&P 500 ETF,US Market,1X,708.88,1558813,1105011359.44,1.37,0.12,1.12,3.62,19.27,17.79,
10,GLD,SPDR Gold Shares (금 현물),US Market,1X,398.24,2467129,982509452.96,1.37,-2.1,-4.1,3.55,-3.66,18.66,
11,HYG,iShares iBoxx $ High Yield Corporate Bond (하이일드 채권),US Market,1X,78.69,12156709,956611431.21,0.21,-0.59,-0.55,-0.08,2.76,2.78,
12,TLT,iShares 20+ Year Treasury Bond ETF (미국 20년+ 국채),US Market,1X,81.62,11201964,914304301.68,0.85,-0.72,-0.49,-4.09,-2.68,-4.29,
13,SQQQ,ProShares UltraPro Short QQQ (나스닥100 -3X),US Market,-3X,35.47,24601743,872623824.21,-10.96,-7.11,-9.92,-2.43,-54.74,-52.4,
14,XLE,Energy Select Sector SPDR (에너지 섹터),US Market,1X,62.69,13869676,869489988.44,-2.85,-2.14,-1.66,15.96,7.16,44.12,
15,SGOV,iShares 0-3 Month Treasury Bond ETF (0-3개월 단기국채),US Market,1X,100.59,8312425,836146830.75,0.06,0.12,0.31,0.9,1.82,3.77,
16,IVV,iShares Core S&P 500 ETF,US Market,1X,772.6,839888,648897468.8,1.35,0.12,1.11,3.62,19.29,17.79,
17,XLF,Financial Select Sector SPDR (금융 섹터),US Market,1X,55.79,10166856,567208896.24,-2.17,-3.97,-2.03,3.9,14.67,4.68,
18,LQD,iShares iBoxx $ Investment Grade Corporate Bond (투자등급 회사채),US Market,1X,104.94,5028582,527699395.08,0.62,-0.51,-0.64,-2.36,-0.35,-1.75,
19,XLK,Technology Select Sector SPDR (테크 섹터),US Market,1X,193.32,2598271,502297749.72,4.91,3.23,5.58,0.61,43.24,40.76,
20,XLI,Industrial Select Sector SPDR (산업재 섹터),US Market,1X,169.61,2849984,483385786.24,-0.19,-3.23,-5.65,-6.71,5.46,12.47,
21,DIA,SPDR Dow Jones Industrial Average ETF (다우존스),US Market,1X,517.95,910378,471530285.1,-1.02,-2.8,-1.51,0.51,14.42,13.93,
22,VTI,Vanguard Total Stock Market ETF (미국 전체 주식),US Market,1X,379.15,987919,374569488.85,1.19,-0.15,0.68,3.1,19.07,17.23,
23,TSLL,Direxion Daily TSLA Bull 2X (테슬라 2X),US Market,2X,10.23,35710158,365314916.34,9.12,11.75,15.15,-23.49,-14.32,-42.53,
24,XLV,Health Care Select Sector SPDR (헬스케어 섹터),US Market,1X,168.76,2160064,364532400.64,0.6,-1.57,-2.11,12.46,17.11,24.91,
25,RSP,Invesco S&P 500 Equal Weight ETF (동일가중 S&P500),US Market,1X,212.16,1709979,362789144.64,-1.33,-3.12,-3.69,1.22,12.29,13.79,
26,SCHD,Schwab U.S. Dividend Equity ETF (미국 배당성장),US Market,1X,33.65,10164587,342038352.55,-2.02,-3.31,-3.4,6.35,12.54,27.08,
27,AGG,iShares Core U.S. Aggregate Bond ETF (미국 종합 채권),US Market,1X,96.17,3410355,327973840.35,0.29,-0.86,-1.02,-1.49,-0.52,-0.22,
28,EEM,iShares MSCI Emerging Markets ETF (신흥국 주식),US Market,1X,68.46,4735179,324170354.34,3.74,-0.35,2.76,-3.86,23.68,31.38,
29,USO,United States Oil Fund (원유),US Market,1X,148.44,2054592,304983636.48,-5.25,4.56,10.33,31.72,22.24,98.74,
30,XLU,Utilities Select Sector SPDR (유틸리티 섹터),US Market,1X,40.79,7125788,290660892.52,-2.47,-5.32,-6.81,-8.79,-7.42,-0.66,
31,SLV,iShares Silver Trust (은 현물),US Market,1X,59.63,4768942,284372011.46,4.92,-0.31,-3.28,1.23,-3.06,56.98,
32,EFA,iShares MSCI EAFE ETF (선진국 주식),US Market,1X,106.01,2590937,274665231.37,0.15,-2.16,-1.25,1.37,15.06,17.44,
33,XLP,Consumer Staples Select Sector SPDR (필수소비재),US Market,1X,81.94,3316781,271777035.14,-2.94,-3.12,-3.96,-0.29,2.07,5.87,
34,BIL,SPDR Bloomberg 1-3 Month T-Bill ETF (초단기 국채),US Market,1X,91.56,2876557,263377558.92,0.07,0.12,0.3,0.89,1.78,3.7,
35,EMB,iShares J.P. Morgan USD Emerging Markets Bond (신흥국 국채),US Market,1X,93.72,2390766,224062589.52,0.54,-0.79,-0.57,-1.52,3.29,3.73,
36,KORU,Direxion Daily MSCI South Korea Bull 3X (한국 3X),US Market,3X,22.23,9980553,221867693.19,19.68,-5.3,9.32,-59.17,38.52,311.87,
37,NVDL,GraniteShares 2x Long NVDA (엔비디아 2X),US Market,2X,35.89,5958777,213860506.53,13.76,-4.78,5.43,9.63,49.35,27.98,
38,JEPQ,JPMorgan Nasdaq Equity Premium Income ETF (나스닥 커버드콜),US Market,1X,60.85,3429868,208707467.8,2.53,1.64,3.16,2.57,16.27,19.75,
39,IWF,iShares Russell 1000 Growth ETF (대형성장주),US Market,1X,125.28,1661464,208148209.92,3.41,1.61,2.93,2.98,17.45,8.37,
40,BITX,2x Bitcoin Strategy ETF (비트코인 2X),US Market,2X,20.89,9452601,197464834.89,17.43,14.47,36.0,67.08,31.94,-62.12,
41,ARKK,ARK Innovation ETF (혁신성장 테크),US Market,1X,90.46,2063469,186661405.74,6.78,4.92,8.63,15.34,30.82,8.78,
42,CONL,GraniteShares 2x Long COIN (코인베이스 2X),US Market,2X,7.0,26213481,183494367.0,11.21,17.97,30.03,27.42,-24.37,-82.15,
43,VT,Vanguard Total World Stock ETF (전세계 주식),US Market,1X,160.19,1108738,177608740.22,1.18,-0.7,0.42,1.93,18.24,18.63,
44,QLD,ProShares Ultra QQQ (나스닥100 2X),US Market,2X,94.87,1848665,175382848.55,7.68,4.62,6.66,-2.81,52.83,40.8,
45,XLB,Materials Select Sector SPDR (소재 섹터),US Market,1X,49.76,3485055,173416336.8,-1.46,-5.12,-5.08,-3.61,6.78,11.5,
46,VXUS,Vanguard Total International Stock ETF (미국 제외 전세계),US Market,1X,86.89,1662515,144455928.35,1.17,-1.54,0.02,-0.01,17.04,21.49,
47,RWM,ProShares Short Russell2000 (러셀2000 -1X),US Market,-1X,14.1,10195563,143757438.3,0.75,3.64,4.41,5.26,-14.39,-12.74,
48,XLY,Consumer Discretionary Select Sector SPDR (임의소비재),US Market,1X,111.56,1214941,135538817.96,-1.14,-2.92,-4.39,-2.94,3.96,-6.5,
49,PSQ,ProShares Short QQQ (나스닥100 -1X),US Market,-1X,25.19,5242855,132067517.45,-3.65,-2.26,-3.13,0.76,-20.56,-17.3,
50,BND,Vanguard Total Bond Market ETF (미국 종합 채권),US Market,1X,71.36,1738496,124059074.56,0.26,-0.83,-1.01,-1.43,-0.47,-0.2,
51,QID,ProShares UltraShort QQQ (나스닥100 -2X),US Market,-2X,13.5,9083088,122621688.0,-7.29,-4.6,-6.52,-0.18,-39.24,-36.11,
52,IWD,iShares Russell 1000 Value ETF (대형가치주),US Market,1X,252.66,476287,120338673.42,-0.7,-1.57,-1.01,4.13,20.38,26.33,
53,UPRO,ProShares UltraPro S&P500 (S&P500 3X),US Market,3X,151.6,769449,116648468.4,3.84,-0.18,2.24,7.44,56.84,39.93,
54,IEMG,iShares Core MSCI Emerging Markets ETF (신흥국 코어),US Market,1X,83.32,1359969,113312617.08,3.64,-0.39,2.81,-3.11,22.85,29.81,
55,XLRE,Real Estate Select Sector SPDR (부동산 섹터),US Market,1X,42.44,2483323,105392228.12,-1.57,-3.38,-5.85,-3.58,6.2,4.39,
56,IEF,iShares 7-10 Year Treasury Bond ETF (미국 7-10년 국채),US Market,1X,91.07,1058128,96363716.96,0.15,-1.28,-1.73,-2.12,-2.05,-2.07,
57,VNQ,Vanguard Real Estate ETF (리츠/부동산),US Market,1X,93.61,1016986,95200059.46,-0.76,-2.51,-5.06,-2.23,7.54,5.4,
58,SPXU,ProShares UltraPro Short S&P500 (S&P500 -3X),US Market,-3X,34.22,2771828,94851954.16,-3.84,-0.1,-2.49,-8.5,-39.98,-35.71,
59,VYM,Vanguard High Dividend Yield ETF (고배당),US Market,1X,159.22,542729,86413311.38,-1.01,-2.51,-2.38,1.08,10.97,15.95,
60,SH,ProShares Short S&P500 (S&P500 -1X),US Market,-1X,32.37,2587934,83771423.58,-1.25,0.06,-0.64,-2.16,-14.05,-10.55,
61,VIG,Vanguard Dividend Appreciation ETF (배당성장),US Market,1X,237.52,339537,80646828.24,-0.44,-1.86,-1.94,1.33,12.45,11.94,
62,JEPI,JPMorgan Equity Premium Income ETF (월배당 커버드콜),US Market,1X,56.49,1414676,79915047.24,-0.04,-1.28,-1.5,2.75,5.02,7.49,
63,TNA,Direxion Daily Small Cap Bull 3X (러셀2000 3X),US Market,3X,62.88,1143570,71907681.6,-1.88,-10.04,-12.17,-14.6,51.43,33.94,
64,FNGU,MicroSectors FANG+ Index 3X (빅테크 3X),US Market,3X,34.75,2049545,71221688.75,7.05,5.24,11.81,28.32,102.27,14.91,
65,AGQ,ProShares Ultra Silver (은 2X),US Market,2X,80.66,873995,70496436.7,9.83,-1.27,-7.97,-3.19,-17.82,30.39,
66,SSO,ProShares Ultra S&P500 (S&P500 2X),US Market,2X,70.79,993966,70362853.14,2.61,-0.02,1.69,5.55,37.06,28.94,
67,TZA,Direxion Daily Small Cap Bear 3X (러셀2000 -3X),US Market,-3X,44.19,1554496,68693178.24,1.87,10.75,13.08,14.13,-41.55,-42.73,
68,SDS,ProShares UltraShort S&P500 (S&P500 -2X),US Market,-2X,54.12,1212646,65628401.52,-2.55,-0.01,-1.56,-5.28,-27.87,-23.59,
69,UNG,United States Natural Gas Fund (천연가스),US Market,1X,10.31,6321540,65175077.4,-0.24,-2.41,2.95,-12.45,-16.83,-18.67,
70,TECL,Direxion Daily Technology Bull 3X (테크 3X),US Market,3X,224.56,280155,62911606.8,15.75,9.37,15.68,-6.3,143.71,104.69,
71,UDOW,ProShares UltraPro Dow30 (다우30 3X),US Market,3X,66.86,932601,62353702.86,-3.35,-8.73,-5.65,-1.55,39.22,27.59,
72,UGL,ProShares Ultra Gold (금 2X),US Market,2X,50.1,1231940,61720194.0,2.68,-4.41,-8.79,4.57,-12.44,21.45,
73,LABU,Direxion Daily S&P Biotech Bull 3X (바이오 3X),US Market,3X,270.55,201730,54578051.5,0.8,-10.87,-11.27,17.62,89.54,220.81,
74,SCO,ProShares UltraShort Bloomberg Crude Oil (원유 -2X),US Market,-2X,20.5,2549102,52256591.0,0.51,-8.62,-13.63,-37.33,-35.36,-69.88,
75,DOG,ProShares Short Dow30 (다우30 -1X),US Market,-1X,22.0,2112384,46472448.0,1.15,3.09,1.99,0.61,-10.64,-7.81,
76,BOIL,ProShares Ultra Bloomberg Natural Gas (천연가스 2X),US Market,2X,19.56,2275332,44505493.92,-1.71,-4.07,3.22,-31.03,-46.12,-65.37,
77,SHY,iShares 1-3 Year Treasury Bond ETF (미국 1-3년 단기국채),US Market,1X,81.31,544468,44270693.08,-0.04,-0.47,-0.58,0.15,0.56,1.62,
78,QUAL,iShares MSCI USA Quality Factor ETF (우량 퀄리티),US Market,1X,221.15,197091,43586674.65,0.67,-0.43,-0.3,2.69,15.7,16.23,
79,ZSL,ProShares UltraShort Silver (은 -2X),US Market,-2X,23.25,1847919,42964116.75,-9.18,-0.43,5.2,-10.34,-18.65,-87.87,
80,TMF,Direxion Daily 20+ Year Treasury Bull 3X (미국장기채 3X),US Market,3X,30.06,1412924,42472495.44,2.19,-2.64,-2.61,-14.63,-13.61,-22.96,
81,AMZU,Direxion Daily AMZN Bull 2X (아마존 2X),US Market,2X,35.95,1148206,41278005.7,0.81,-3.23,-5.27,12.67,37.33,-2.28,
82,MSFU,Direxion Daily MSFT Bull 2X (마이크로소프트 2X),US Market,2X,36.78,1067334,39256544.52,-5.1,-3.04,3.77,70.25,50.34,-21.88,
83,LABD,Direxion Daily S&P Biotech Bear 3X (바이오 -3X),US Market,-3X,7.09,5344908,37895397.72,-2.21,9.92,8.08,-28.56,-65.22,-83.99,
84,KOLD,ProShares UltraShort Bloomberg Natural Gas (가스 -2X),US Market,-2X,29.56,1110901,32838233.56,1.58,3.5,-4.43,33.39,49.22,-20.54,
85,NAIL,Direxion Daily Homebuilders & Supplies Bull 3X (건설 3X),US Market,3X,29.16,1090986,31813151.76,-5.45,-17.39,-25.23,-32.45,-17.57,-64.02,
86,UCO,ProShares Ultra Bloomberg Crude Oil (원유 2X),US Market,2X,51.65,580444,29979932.6,-0.83,9.2,14.04,45.13,20.26,123.4,
87,USD,ProShares Ultra Semiconductors (반도체 2X),US Market,2X,92.64,289104,26782594.56,18.11,4.32,8.51,-16.04,88.13,98.4,
88,FAS,Direxion Daily Financial Bull 3X (금융 3X),US Market,3X,162.24,152694,24773074.56,-5.73,-10.92,-6.16,9.35,41.05,-1.5,
89,GLL,ProShares UltraShort Gold (금 -2X),US Market,-2X,22.86,1036824,23701796.64,-2.68,4.53,8.55,-8.05,3.44,-38.48,
90,SDOW,ProShares UltraPro Short Dow30 (다우30 -3X),US Market,-3X,24.92,917166,22855776.72,3.3,9.13,5.39,-0.19,-32.14,-29.01,
91,YINN,Direxion Daily FTSE China Bull 3X (중국 3X),US Market,3X,27.2,764880,20804736.0,-1.48,-10.29,-9.15,6.12,-11.99,-49.46,
92,DXD,ProShares UltraShort Dow30 (다우30 -2X),US Market,-2X,17.61,1089776,19190955.36,2.21,6.08,3.65,0.26,-21.87,-18.65,
93,DUST,Direxion Daily Gold Miners Bear 2X (금광 -2X),US Market,-2X,35.63,526620,18763470.6,-0.16,10.49,9.5,-35.37,-47.9,-73.09,
94,COWZ,Pacer US Cash Cows 100 ETF (잉여현금흐름),US Market,1X,68.72,244112,16775376.64,-2.61,-3.62,-2.93,12.45,12.3,22.23,
95,AAPU,Direxion Daily AAPL Bull 2X (애플 2X),US Market,2X,45.62,356288,16253858.56,2.26,10.35,15.7,23.06,70.58,73.44,
96,CWEB,Direxion Daily CSI China Internet 2X (중국인터넷 2X),US Market,2X,19.1,683979,13063998.9,1.38,-8.66,-13.46,-4.05,-27.26,-65.46,
97,BULZ,MicroSectors Solactive FANG+ 3X (FANG 3X),US Market,3X,45.24,256477,11603019.48,19.65,14.59,25.88,8.13,134.28,80.86,
98,YANG,Direxion Daily FTSE China Bear 3X (중국 -3X),US Market,-3X,30.51,380276,11602220.76,1.33,10.54,8.69,-11.4,-1.76,45.34,
99,GUSH,Direxion Daily S&P Oil & Gas Bull 2X (오일가스 2X),US Market,2X,43.39,263403,11429056.17,-8.08,-5.48,-2.46,39.48,4.21,78.13,
100,FAZ,Direxion Daily Financial Bear 3X (금융 -3X),US Market,-3X,34.87,309160,10780409.2,5.75,12.11,5.68,-10.87,-33.26,-11.28,
101,TECS,Direxion Daily Technology Bear 3X (테크 -3X),US Market,-3X,54.5,176987,9645791.5,-13.79,-9.74,-16.17,-10.64,-72.5,-72.89,
102,TMV,Direxion Daily 20+ Year Treasury Bear 3X (장기채 -3X),US Market,-3X,43.5,207350,9019725.0,-2.36,2.59,2.4,15.94,13.99,26.46,
103,SRTY,ProShares UltraPro Short Russell2000 (소형주 -3X),US Market,-3X,24.91,295839,7369349.49,1.88,10.71,13.07,14.09,-41.57,-42.95,
104,URTY,ProShares UltraPro Russell2000 (소형주 3X),US Market,3X,73.09,86416,6316145.44,-1.91,-10.01,-12.21,-14.68,50.92,33.42,
105,DPST,Direxion Daily Regional Banks Bull 3X (지역은행 3X),US Market,3X,124.51,42783,5326911.33,-6.05,-10.56,-9.36,-1.21,45.0,11.97,
106,DFEN,Direxion Daily Aerospace & Defense Bull 3X (방산 3X),US Market,3X,53.21,99693,5304664.53,-2.0,-13.42,-26.4,-27.56,-20.85,-7.17,
107,JDST,Direxion Daily Jr Gold Miners Bear 2X (주니어금광 -2X),US Market,-2X,22.62,213135,4821113.7,-3.07,9.51,7.17,-37.67,-52.11,-79.1,
108,TWM,ProShares UltraShort Russell2000 (러셀2000 -2X),US Market,-2X,23.03,198227,4565167.81,1.23,7.22,8.79,9.79,-28.76,-28.29,
109,UWM,ProShares Ultra Russell2000 (러셀2000 2X),US Market,2X,60.08,65560,3938844.8,-1.28,-6.78,-8.11,-9.43,34.35,27.19,
110,FNGD,MicroSectors FANG+ -3X Inverse (빅테크 -3X),US Market,-3X,24.65,152238,3752666.7,-7.35,-6.29,-13.01,-31.04,-65.19,-50.21,
111,UTSL,Direxion Daily Utilities Bull 3X (유틸리티 3X),US Market,3X,32.74,112943,3697753.82,-5.48,-13.75,-18.6,-25.5,-25.79,-15.62,
112,DDM,ProShares Ultra Dow30 (다우30 2X),US Market,2X,63.86,37355,2385490.3,-2.12,-5.77,-3.52,-0.29,26.57,21.15,
113,TBT,ProShares UltraShort 20+ Year Treasury (장기채 -2X),US Market,-2X,38.76,61024,2365290.24,-1.42,1.52,1.65,10.41,9.11,16.96,
114,CURE,Direxion Daily Healthcare Bull 3X (헬스케어 3X),US Market,3X,131.04,18033,2363044.32,3.18,-3.99,-6.4,37.09,48.2,65.48,
115,ROM,ProShares Ultra Technology (테크 2X),US Market,2X,155.47,14412,2240633.64,10.02,6.29,10.63,-2.0,90.87,74.8,
116,DIG,ProShares Ultra Oil & Gas (에너지 2X),US Market,2X,67.55,33029,2231108.95,-4.91,-3.53,-2.96,32.3,9.37,88.96,
117,DUG,ProShares UltraShort Oil & Gas (에너지 -2X),US Market,-2X,14.99,116937,1752885.63,4.31,3.02,2.11,-27.21,-17.0,-54.47,
118,MIDU,Direxion Daily Mid Cap Bull 3X (중형주 3X),US Market,3X,62.87,19629,1234075.23,-1.16,-9.34,-11.67,-12.63,29.35,19.19,
119,BRZU,Direxion Daily MSCI Brazil Bull 2X (브라질 2X),US Market,2X,105.17,8791,924549.47,1.2,0.46,22.53,19.52,12.9,47.15,
120,DRV,Direxion Daily Real Estate Bear 3X (부동산 -3X),US Market,-3X,21.01,37802,794220.02,2.56,8.44,17.8,9.54,-18.08,-11.7,
121,RETL,Direxion Daily Retail Bull 3X (유통 3X),US Market,3X,7.2,108319,779896.8,-10.67,-16.96,-15.49,-14.73,5.17,-33.34,
122,WANT,Direxion Daily Consumer Discretionary Bull 3X (소비재 3X),US Market,3X,35.6,16842,599575.2,-2.63,-8.11,-12.98,-12.45,1.19,-33.53,
123,HDGE,AdvisorShares Ranger Equity Bear ETF (액티브 숏),US Market,-1X,14.94,32390,483906.6,3.39,6.26,4.77,-12.53,-17.91,-3.33,
124,PILL,Direxion Daily Pharmaceutical Bull 3X (제약 3X),US Market,3X,18.0,26000,468000.0,-1.75,-14.24,-19.79,21.66,88.67,135.16,
125,WEBL,Direxion Daily Dow Jones Internet Bull 3X (인터넷 3X),US Market,3X,30.05,13985,420249.25,0.74,2.35,9.07,37.3,68.49,-12.75,
126,SJB,ProShares Short High Yield (하이일드 -1X),US Market,-1X,15.31,26068,399101.08,0.0,0.72,0.86,1.09,-0.77,2.28,
127,BIB,ProShares Ultra Nasdaq Biotechnology (바이오 2X),US Market,2X,114.5,2493,285448.5,2.48,-4.58,-3.71,30.1,52.52,95.54,
128,EDZ,Direxion Daily MSCI Emerging Markets Bear 3X (신흥국 -3X),US Market,-3X,13.75,14314,196817.5,-10.37,0.88,-7.91,4.91,-56.41,-65.24,
129,INDL,Direxion Daily MSCI India Bull 2X (인도 2X),US Market,2X,42.56,3943,167814.08,-0.53,-6.37,-5.52,-8.03,3.23,-25.56,
130,UBT,ProShares Ultra 20+ Year Treasury (장기채 2X),US Market,2X,14.67,8640,126748.8,1.45,-2.0,-1.81,-9.4,-7.91,-13.23,
131,TBX,ProShares Short 7-10 Year Treasury (중기채 -1X),US Market,-1X,29.47,3110,91651.7,0.03,1.48,2.33,3.67,5.01,8.2,
132,TTT,ProShares UltraPro Short 20+ Year Treasury (장기채 -3X),US Market,-3X,77.2,1146,88471.2,-2.28,2.33,2.18,15.48,12.4,22.83,
133,UST,ProShares Ultra 7-10 Year Treasury (중기채 2X),US Market,2X,39.69,1676,66520.44,0.18,-2.7,-3.81,-5.09,-5.89,-7.91,
134,REW,ProShares UltraShort Technology (테크 -2X),US Market,-2X,10.72,6201,66474.72,-9.0,-5.96,-10.29,-4.5,-55.41,-54.8,
135,SEF,ProShares Short Financials (금융 -1X),US Market,-1X,30.31,1770,53648.7,1.78,3.73,1.85,-3.1,-11.23,-0.6,
136,PST,ProShares UltraShort 7-10 Year Treasury (중기채 -2X),US Market,-2X,24.5,1288,31556.0,-0.12,2.94,4.3,6.56,8.61,13.54,
137,BIS,ProShares UltraShort Nasdaq Biotechnology (바이오 -2X),US Market,-2X,11.79,2000,23580.0,-1.42,9.27,11.97,-27.16,-36.41,-56.3,
138,SAA,ProShares Ultra SmallCap600 (소형주 2X),US Market,2X,33.16,426,14126.16,-2.07,-7.76,-9.3,-6.32,30.87,26.18,
139,MYY,ProShares Short MidCap400 (중형주 -1X),US Market,-1X,15.89,787,12505.43,0.7,3.72,4.68,5.01,-8.68,-6.94,
140,FXP,ProShares UltraShort FTSE China 50 (중국 -2X),US Market,-2X,21.26,532,11310.32,0.76,6.46,6.25,-6.56,0.14,31.57,
141,EFZ,ProShares Short MSCI EAFE (선진국 -1X),US Market,-1X,22.94,154,3532.76,0.82,3.23,2.44,0.54,-11.26,-11.58,
142,SMN,ProShares UltraShort Basic Materials (원자재 -2X),US Market,-2X,20.98,35,734.3,1.68,10.11,10.0,6.72,-13.55,-19.77,
143,MZZ,ProShares UltraShort MidCap400 (중형주 -2X),US Market,-2X,6.37,113,719.81,0.47,6.34,7.97,8.18,-19.15,-17.95,
